Placement ID,Page,Page path,Design style,Section,Section title,Asset ID,Asset name,Recommended artwork,Action,Priority,Current artwork,Current sources,Desktop size (px),Recommended deliverable,Gradient palette,Reuse and crop notes,Section copy,Page reference,Status
P01-01,Platform,/platform,Assistant,Hero background,"Your operation, connected.",A001,Assistant hero background,Reuse the existing Paper SVG as a separate background layer. No new background required.,Reuse,Existing,Existing background,/brand/calendly/assistant-hero.svg,1387 x 776,Existing scalable SVG,"Ice blue, white, teal, deep green",Shared by every page using this style.,"Bring your team, tools, and knowledge into one flow. Give everyday property work a clear path, with room for people to review what matters.",http://localhost:3000/platform,Existing
P01-02,Platform,/platform,Assistant,Feature card,Agentic Automation,A002,Agentic Automation product thumbnail,"A request routed through an agent, a tool action and a review gate.",Create,High,Text placeholder,CSS gradient + live UI,320 x 267,Editable SVG + 1200 x 1000 WebP,"Ice blue, white, teal, deep green",Create once and reuse across related-product cards and the Platform card rail. Keep the gradient separate.,"Explore how agents can coordinate tasks, decisions, and human approvals across property operations.",http://localhost:3000/platform,Not started
P01-03,Platform,/platform,Assistant,Feature card,Self Learning,A003,Self Learning product thumbnail,A feedback card feeding a revised workflow and validation check.,Create,High,Text placeholder,CSS gradient + live UI,320 x 267,Editable SVG + 1200 x 1000 WebP,"Ice blue, white, teal, deep green",Create once and reuse across related-product cards and the Platform card rail. Keep the gradient separate.,Explore how feedback and operational experience can inform improvements to agent workflows.,http://localhost:3000/platform,Not started
P01-04,Platform,/platform,Assistant,Feature card,Evaluations,A004,Evaluations product thumbnail,An expected-versus-actual result card with a review checklist.,Create,High,Text placeholder,CSS gradient + live UI,320 x 267,Editable SVG + 1200 x 1000 WebP,"Ice blue, white, teal, deep green",Create once and reuse across related-product cards and the Platform card rail. Keep the gradient separate.,Define what good looks like and evaluate agent behavior against the outcomes your team expects.,http://localhost:3000/platform,Not started
P01-05,Platform,/platform,Assistant,Feature card,Analytics and Observability,A005,Analytics and Observability product thumbnail,A miniature trace timeline and workflow health dashboard.,Create,High,Text placeholder,CSS gradient + live UI,320 x 267,Editable SVG + 1200 x 1000 WebP,"Ice blue, white, teal, deep green",Create once and reuse across related-product cards and the Platform card rail. Keep the gradient separate.,"Understand workflow outcomes, follow execution, and identify where operations need attention.",http://localhost:3000/platform,Not started
P01-06,Platform,/platform,Assistant,Feature card,Integrations,A006,Integrations product thumbnail,A central Innflow node connected to a small set of tool tiles.,Create,High,Text placeholder,CSS gradient + live UI,320 x 267,Editable SVG + 1200 x 1000 WebP,"Ice blue, white, teal, deep green",Create once and reuse across related-product cards and the Platform card rail. Keep the gradient separate.,"Explore the connections between your property systems, team tools, and agent workflows.",http://localhost:3000/platform,Not started
P01-07,Platform,/platform,Assistant,Feature card,Deployment Options,A007,Deployment Options product thumbnail,"A deployment chooser with hosted, private and on-premise architecture tiles.",Create,High,Text placeholder,CSS gradient + live UI,320 x 267,Editable SVG + 1200 x 1000 WebP,"Ice blue, white, teal, deep green",Create once and reuse across related-product cards and the Platform card rail. Keep the gradient separate.,"Discuss deployment requirements for your team, from environment and access to operational ownership.",http://localhost:3000/platform,Not started
P01-08,Platform,/platform,Assistant,Feature card,Security and Compliance,A008,Security and Compliance product thumbnail,A scoped-access panel beside an audit record and evidence folder.,Create,High,Text placeholder,CSS gradient + live UI,320 x 267,Editable SVG + 1200 x 1000 WebP,"Ice blue, white, teal, deep green",Create once and reuse across related-product cards and the Platform card rail. Keep the gradient separate.,"Explore the access, data handling, and governance requirements behind your property operations.",http://localhost:3000/platform,Not started
P01-09,Platform,/platform,Assistant,Product overview,"Your operation, connected.",A009,Workflows interactive workspace,Retain the existing interactive workspace. Optional static poster only if a still image is needed.,Reuse,Existing,Interactive workspace,CSS gradient + live UI,960 x 678,Live component; optional 1920 px wide poster,"Ice blue, white, teal, deep green",Do not replace working controls with a flattened image.,,http://localhost:3000/platform,Existing
P01-10,Platform,/platform,Assistant,Related product thumbnail,Integrations,A006,Integrations product thumbnail,A central Innflow node connected to a small set of tool tiles.,Create,High,Generic star on gradient,/brand/calendly/scheduling-hero.svg + star glyph,227 x 189,Editable SVG + 1200 x 1000 WebP,"Sky blue, pale aqua, navy",Create once and reuse across related-product cards and the Platform card rail. Keep the gradient separate.,,http://localhost:3000/platform,Not started
P01-11,Platform,/platform,Assistant,Related product thumbnail,Agentic Workflows,A010,Agentic Workflows product thumbnail,"A compact workflow canvas with trigger, branch and action nodes.",Create,High,Generic star on gradient,/brand/calendly/notetaker-hero.svg + star glyph,227 x 189,Editable SVG + 1200 x 1000 WebP,"Navy, blue, blush, lavender",Create once and reuse across related-product cards and the Platform card rail. Keep the gradient separate.,,http://localhost:3000/platform,Not started
P01-12,Platform,/platform,Assistant,Related product thumbnail,Agent OS,A011,Agent OS product thumbnail,A small orchestration graph connecting agents and shared memory.,Create,High,Generic star on gradient,/brand/calendly/contacts-hero.svg + star glyph,227 x 189,Editable SVG + 1200 x 1000 WebP,"Cream, peach, pink, blue",Create once and reuse across related-product cards and the Platform card rail. Keep the gradient separate.,,http://localhost:3000/platform,Not started
P01-13,Platform,/platform,Assistant,Related product thumbnail,AI Agents,A012,AI Agents product thumbnail,An agent task card with linked evidence and a proposed next action.,Create,High,Generic star on gradient,/brand/calendly/payments-hero.svg + star glyph,227 x 189,Editable SVG + 1200 x 1000 WebP,"Pale mint, aqua, blue, navy",Create once and reuse across related-product cards and the Platform card rail. Keep the gradient separate.,,http://localhost:3000/platform,Not started
P01-14,Platform,/platform,Assistant,Related product thumbnail,Agent Studio,A013,Agent Studio product thumbnail,A miniature visual editor with configurable workflow nodes.,Create,High,Generic star on gradient,/brand/calendly/assistant-hero.svg + star glyph,227 x 189,Editable SVG + 1200 x 1000 WebP,"Ice blue, white, teal, deep green",Create once and reuse across related-product cards and the Platform card rail. Keep the gradient separate.,,http://localhost:3000/platform,Not started
P02-01,Integrations,/integrations,Scheduling,Hero background,Your tools. One connected workflow.,A014,Scheduling hero background,Reuse the existing Paper SVG as a separate background layer. No new background required.,Reuse,Existing,Existing background,/brand/calendly/scheduling-hero.svg,1387 x 776,Existing scalable SVG,"Sky blue, pale aqua, navy",Shared by every page using this style.,"Explore connections for the tools your team already uses, and the ones we’re planning next.",http://localhost:3000/integrations,Existing
P02-02,Integrations,/integrations,Scheduling,Related product thumbnail,Platform,A015,Platform product thumbnail,"A compact workspace overview linking agents, tools and shared knowledge.",Create,High,Generic star on gradient,/brand/calendly/assistant-hero.svg + star glyph,227 x 189,Editable SVG + 1200 x 1000 WebP,"Ice blue, white, teal, deep green",Create once and reuse across related-product cards and the Platform card rail. Keep the gradient separate.,,http://localhost:3000/integrations,Not started
P02-03,Integrations,/integrations,Scheduling,Related product thumbnail,Agentic Workflows,A010,Agentic Workflows product thumbnail,"A compact workflow canvas with trigger, branch and action nodes.",Create,High,Generic star on gradient,/brand/calendly/notetaker-hero.svg + star glyph,227 x 189,Editable SVG + 1200 x 1000 WebP,"Navy, blue, blush, lavender",Create once and reuse across related-product cards and the Platform card rail. Keep the gradient separate.,,http://localhost:3000/integrations,Not started
P02-04,Integrations,/integrations,Scheduling,Related product thumbnail,Agent OS,A011,Agent OS product thumbnail,A small orchestration graph connecting agents and shared memory.,Create,High,Generic star on gradient,/brand/calendly/contacts-hero.svg + star glyph,227 x 189,Editable SVG + 1200 x 1000 WebP,"Cream, peach, pink, blue",Create once and reuse across related-product cards and the Platform card rail. Keep the gradient separate.,,http://localhost:3000/integrations,Not started
P02-05,Integrations,/integrations,Scheduling,Related product thumbnail,AI Agents,A012,AI Agents product thumbnail,An agent task card with linked evidence and a proposed next action.,Create,High,Generic star on gradient,/brand/calendly/payments-hero.svg + star glyph,227 x 189,Editable SVG + 1200 x 1000 WebP,"Pale mint, aqua, blue, navy",Create once and reuse across related-product cards and the Platform card rail. Keep the gradient separate.,,http://localhost:3000/integrations,Not started
P02-06,Integrations,/integrations,Scheduling,Related product thumbnail,Agent Studio,A013,Agent Studio product thumbnail,A miniature visual editor with configurable workflow nodes.,Create,High,Generic star on gradient,/brand/calendly/assistant-hero.svg + star glyph,227 x 189,Editable SVG + 1200 x 1000 WebP,"Ice blue, white, teal, deep green",Create once and reuse across related-product cards and the Platform card rail. Keep the gradient separate.,,http://localhost:3000/integrations,Not started
P03-01,Agentic Workflows,/products/agentic-workflows,Notetaker,Hero background,Give recurring work a clear next step.,A016,Notetaker hero background,Reuse the existing Paper SVG as a separate background layer. No new background required.,Reuse,Existing,Existing background,/brand/calendly/notetaker-hero.svg,1387 x 776,Existing scalable SVG,"Navy, blue, blush, lavender",Shared by every page using this style.,"Connect triggers, actions, and activity in a workflow your property team can follow.",http://localhost:3000/products/agentic-workflows,Existing
P03-02,Agentic Workflows,/products/agentic-workflows,Notetaker,Capability overview,Workflow Builder,A017,Agentic Workflows / Workflow Builder,"A floating workflow canvas with connected trigger, condition, action and review nodes.",Rework,High,Photo with layered UI,"/brand/feature-pages/workflows/workflows-01-workflow-builder.webp
/brand/feature-pages/artwork/157-5623.svg",580 x 580,Editable SVG/layers + 1200 x 1200 WebP,"Navy, blue, blush, lavender",Preserve the existing CSS gradient. Export foreground separately with transparent background. Keep key UI within the central 80%. Reuses the first feature detail artwork.,"Bring the steps of a recurring process into view, giving your team a shared reference for the workflow it configures.",http://localhost:3000/products/agentic-workflows#workflow-builder,Not started
P03-03,Agentic Workflows,/products/agentic-workflows,Notetaker,Product overview,Build a clearer path through everyday processes.,A018,Agentic Workflows overview,"A wide workflow canvas showing a request, connected steps and a reviewable outcome.",Rework,Standard,Existing overview photo,/brand/feature-pages/workflows/workflows-hero.webp,960 x 398,Editable layers + 1920 x 620 WebP,"Navy, blue, blush, lavender",Replace the current overview photo with a product-led composition. Keep its wide framing.,,http://localhost:3000/products/agentic-workflows,Not started
P03-04,Agentic Workflows,/products/agentic-workflows,Notetaker,Feature card,Repeatable steps,A019,Agentic Workflows / Repeatable Steps,Three reusable workflow steps arranged as a small sequence with a repeat control.,Create,Standard,Text placeholder,CSS gradient + live UI,320 x 267,1200 x 1000 WebP crop of shared master,"Navy, blue, blush, lavender",Preserve the existing CSS gradient. Export foreground separately with transparent background. Keep key UI within the central 80%.,Give recurring processes a familiar structure.,http://localhost:3000/products/agentic-workflows,Not started
P03-05,Agentic Workflows,/products/agentic-workflows,Notetaker,Feature card,Shared understanding,A020,Agentic Workflows / Shared Understanding,A shared workflow map with owner avatars and one clear handoff between teammates.,Create,Standard,Text placeholder,CSS gradient + live UI,320 x 267,1200 x 1000 WebP crop of shared master,"Navy, blue, blush, lavender",Preserve the existing CSS gradient. Export foreground separately with transparent background. Keep key UI within the central 80%.,Keep the configured triggers and actions visible to your team.,http://localhost:3000/products/agentic-workflows,Not started
P03-06,Agentic Workflows,/products/agentic-workflows,Notetaker,Feature card,Useful follow-up,A021,Agentic Workflows / Useful Follow Up,A completed run with its linked next action and assigned owner.,Create,Standard,Text placeholder,CSS gradient + live UI,320 x 267,1200 x 1000 WebP crop of shared master,"Navy, blue, blush, lavender",Preserve the existing CSS gradient. Export foreground separately with transparent background. Keep key UI within the central 80%.,Use activity details to guide the next review.,http://localhost:3000/products/agentic-workflows,Not started
P03-07,Agentic Workflows,/products/agentic-workflows,Notetaker,Feature detail,Map the steps that move work forward.,A017,Agentic Workflows / Workflow Builder,"A floating workflow canvas with connected trigger, condition, action and review nodes.",Rework,Standard,Photo with layered UI,"/brand/feature-pages/workflows/workflows-01-workflow-builder.webp
/brand/feature-pages/artwork/157-5623.svg",580 x 580,Editable SVG/layers + 1200 x 1200 WebP,"Navy, blue, blush, lavender",Preserve the existing CSS gradient. Export foreground separately with transparent background. Keep key UI within the central 80%.,"Bring the steps of a recurring process into view, giving your team a shared reference for the workflow it configures.",http://localhost:3000/products/agentic-workflows#workflow-builder,Not started
P03-08,Agentic Workflows,/products/agentic-workflows,Notetaker,Feature detail,Make the starting point clear.,A022,Agentic Workflows / Triggers And Conditions,"A trigger setup panel next to a branching condition, showing the rule that starts each path.",Rework,Standard,Photo with layered UI,"/brand/feature-pages/workflows/workflows-02-triggers-and-conditions.webp
/brand/feature-pages/artwork/157-5660-figma.svg",532 x 532,Editable SVG/layers + 1200 x 1200 WebP,"Navy, blue, blush, lavender",Preserve the existing CSS gradient. Export foreground separately with transparent background. Keep key UI within the central 80%.,"Review the available triggers and conditions, then connect them to the actions your process needs.",http://localhost:3000/products/agentic-workflows#triggers-and-conditions,Not started
P03-09,Agentic Workflows,/products/agentic-workflows,Notetaker,Feature detail,Keep workflow activity in view.,A023,Agentic Workflows / Activity Overview,"An activity dashboard with recent workflow runs, current steps and an exception awaiting review.",Rework,Standard,Photo with layered UI,"/brand/feature-pages/workflows/workflows-03-activity-overview.webp
/brand/feature-pages/artwork/157-5715.svg",580 x 580,Editable SVG/layers + 1200 x 1200 WebP,"Navy, blue, blush, lavender",Preserve the existing CSS gradient. Export foreground separately with transparent background. Keep key UI within the central 80%.,Bring activity summaries together so your team can review the workflow and identify where to look more closely.,http://localhost:3000/products/agentic-workflows#activity-overview,Not started
P03-10,Agentic Workflows,/products/agentic-workflows,Notetaker,Feature detail,Follow the steps behind the status.,A024,Agentic Workflows / Workflow History,A run-history timeline with an expanded execution and its ordered steps.,Rework,Standard,Photo with layered UI,"/brand/feature-pages/workflows/workflows-04-workflow-history.webp
/brand/feature-pages/artwork/157-5744-figma.svg",532 x 532,Editable SVG/layers + 1200 x 1200 WebP,"Navy, blue, blush, lavender",Preserve the existing CSS gradient. Export foreground separately with transparent background. Keep key UI within the central 80%.,"Review workflow history alongside individual actions, keeping useful context available for follow-up.",http://localhost:3000/products/agentic-workflows#workflow-history,Not started
P03-11,Agentic Workflows,/products/agentic-workflows,Notetaker,Related product thumbnail,Platform,A015,Platform product thumbnail,"A compact workspace overview linking agents, tools and shared knowledge.",Create,High,Generic star on gradient,/brand/calendly/assistant-hero.svg + star glyph,227 x 189,Editable SVG + 1200 x 1000 WebP,"Ice blue, white, teal, deep green",Create once and reuse across related-product cards and the Platform card rail. Keep the gradient separate.,,http://localhost:3000/products/agentic-workflows,Not started
P03-12,Agentic Workflows,/products/agentic-workflows,Notetaker,Related product thumbnail,Integrations,A006,Integrations product thumbnail,A central Innflow node connected to a small set of tool tiles.,Create,High,Generic star on gradient,/brand/calendly/scheduling-hero.svg + star glyph,227 x 189,Editable SVG + 1200 x 1000 WebP,"Sky blue, pale aqua, navy",Create once and reuse across related-product cards and the Platform card rail. Keep the gradient separate.,,http://localhost:3000/products/agentic-workflows,Not started
P03-13,Agentic Workflows,/products/agentic-workflows,Notetaker,Related product thumbnail,Agent OS,A011,Agent OS product thumbnail,A small orchestration graph connecting agents and shared memory.,Create,High,Generic star on gradient,/brand/calendly/contacts-hero.svg + star glyph,227 x 189,Editable SVG + 1200 x 1000 WebP,"Cream, peach, pink, blue",Create once and reuse across related-product cards and the Platform card rail. Keep the gradient separate.,,http://localhost:3000/products/agentic-workflows,Not started
P03-14,Agentic Workflows,/products/agentic-workflows,Notetaker,Related product thumbnail,AI Agents,A012,AI Agents product thumbnail,An agent task card with linked evidence and a proposed next action.,Create,High,Generic star on gradient,/brand/calendly/payments-hero.svg + star glyph,227 x 189,Editable SVG + 1200 x 1000 WebP,"Pale mint, aqua, blue, navy",Create once and reuse across related-product cards and the Platform card rail. Keep the gradient separate.,,http://localhost:3000/products/agentic-workflows,Not started
P03-15,Agentic Workflows,/products/agentic-workflows,Notetaker,Related product thumbnail,Agent Studio,A013,Agent Studio product thumbnail,A miniature visual editor with configurable workflow nodes.,Create,High,Generic star on gradient,/brand/calendly/assistant-hero.svg + star glyph,227 x 189,Editable SVG + 1200 x 1000 WebP,"Ice blue, white, teal, deep green",Create once and reuse across related-product cards and the Platform card rail. Keep the gradient separate.,,http://localhost:3000/products/agentic-workflows,Not started
P04-01,Agent OS,/products/agent-os,Contacts,Hero background,Give your agents a clear path to follow.,A025,Contacts hero background,Reuse the existing Paper SVG as a separate background layer. No new background required.,Reuse,Existing,Existing background,/brand/calendly/contacts-hero.svg,1387 x 776,Existing scalable SVG,"Cream, peach, pink, blue",Shared by every page using this style.,"Connect tools, reusable skills, and review points in one workspace. Turn a request into a workflow your team can understand and guide.",http://localhost:3000/products/agent-os,Existing
P04-02,Agent OS,/products/agent-os,Contacts,Capability overview,Graph-based execution,A026,Agent OS / Graph Based Execution,A branching agent graph with one highlighted route from request to reviewed output.,Create,High,Generic workflow illustration,CSS gradient + live UI,580 x 580,Editable SVG/layers + 1200 x 1200 WebP,"Cream, peach, pink, blue",Preserve the existing CSS gradient. Export foreground separately with transparent background. Keep key UI within the central 80%. Reuses the first feature detail artwork.,Build a visible sequence of actions and decisions. Use a defined path for routine tasks and add AI reasoning where the work needs it.,http://localhost:3000/products/agent-os#graph-based-execution,Not started
P04-03,Agent OS,/products/agent-os,Contacts,Feature card,See how the steps fit together.,A026,Agent OS / Graph Based Execution,A branching agent graph with one highlighted route from request to reviewed output.,Create,Standard,Generic workflow illustration,CSS gradient + live UI,320 x 267,1200 x 1000 WebP crop of shared master,"Cream, peach, pink, blue",Preserve the existing CSS gradient. Export foreground separately with transparent background. Keep key UI within the central 80%.,Build a visible sequence of actions and decisions. Use a defined path for routine tasks and add AI reasoning where the work needs it.,http://localhost:3000/products/agent-os,Not started
P04-04,Agent OS,/products/agent-os,Contacts,Feature card,Build once. Use it again.,A027,Agent OS / Unified Building Blocks,"Reusable skill, tool and trigger blocks snapping into a single workflow.",Create,Standard,Generic workflow illustration,CSS gradient + live UI,320 x 267,1200 x 1000 WebP crop of shared master,"Cream, peach, pink, blue",Preserve the existing CSS gradient. Export foreground separately with transparent background. Keep key UI within the central 80%.,"Bring reusable skills, tools, and triggers into the same workflow. Keep useful steps close so your team can adapt them to another process.",http://localhost:3000/products/agent-os,Not started
P04-05,Agent OS,/products/agent-os,Contacts,Feature card,Give each agent a clear role.,A028,Agent OS / Multi Agent Orchestration,Three agent role cards passing one shared task and its context between them.,Create,Standard,Generic workflow illustration,CSS gradient + live UI,320 x 267,1200 x 1000 WebP crop of shared master,"Cream, peach, pink, blue",Preserve the existing CSS gradient. Export foreground separately with transparent background. Keep key UI within the central 80%.,Break a larger process into focused tasks. Connect agents through explicit handoffs so each one has the context for its part of the work.,http://localhost:3000/products/agent-os,Not started
P04-06,Agent OS,/products/agent-os,Contacts,Feature card,Make the next run better.,A029,Agent OS / Review And Iteration,A run review panel showing a correction beside a revised workflow step.,Create,Standard,Generic workflow illustration,CSS gradient + live UI,320 x 267,1200 x 1000 WebP crop of shared master,"Cream, peach, pink, blue",Preserve the existing CSS gradient. Export foreground separately with transparent background. Keep key UI within the central 80%.,"Review what happened, capture feedback, and update the instructions or supporting knowledge. Test the change before using it more widely.",http://localhost:3000/products/agent-os,Not started
P04-07,Agent OS,/products/agent-os,Contacts,Feature card,Define a good result.,A030,Agent OS / Evaluation Framework,"A result checklist comparing expected and actual outputs, with one item needing review.",Create,Standard,Generic workflow illustration,CSS gradient + live UI,320 x 267,1200 x 1000 WebP crop of shared master,"Cream, peach, pink, blue",Preserve the existing CSS gradient. Export foreground separately with transparent background. Keep key UI within the central 80%.,Set criteria for the task and compare outputs against them. Use examples and team feedback to identify where the workflow needs attention.,http://localhost:3000/products/agent-os,Not started
P04-08,Agent OS,/products/agent-os,Contacts,Feature card,Keep people in the decisions.,A031,Agent OS / Human In The Loop,"An approval inbox with a proposed action, supporting context and approve or revise controls.",Create,Standard,Generic workflow illustration,CSS gradient + live UI,320 x 267,1200 x 1000 WebP crop of shared master,"Cream, peach, pink, blue",Preserve the existing CSS gradient. Export foreground separately with transparent background. Keep key UI within the central 80%.,Pause at the moments that need judgment. Give the reviewer the proposed action and its context before the workflow continues.,http://localhost:3000/products/agent-os,Not started
P04-09,Agent OS,/products/agent-os,Contacts,Feature card,Choose the model for the task.,A032,Agent OS / Model Flexibility,"A model selection panel assigning different models to drafting, reasoning and extraction tasks.",Create,Standard,Generic workflow illustration,CSS gradient + live UI,320 x 267,1200 x 1000 WebP crop of shared master,"Cream, peach, pink, blue",Preserve the existing CSS gradient. Export foreground separately with transparent background. Keep key UI within the central 80%.,Discuss the supported model options and your data requirements. Compare results on representative tasks before choosing what fits your workflow.,http://localhost:3000/products/agent-os,Not started
P04-10,Agent OS,/products/agent-os,Contacts,Feature card,Keep useful context close.,A033,Agent OS / Memory System,A memory drawer attaching a relevant document and prior decision to the current task.,Create,Standard,Generic workflow illustration,CSS gradient + live UI,320 x 267,1200 x 1000 WebP crop of shared master,"Cream, peach, pink, blue",Preserve the existing CSS gradient. Export foreground separately with transparent background. Keep key UI within the central 80%.,Attach the documents and working records a task depends on. Give agents a clear source to retrieve from and keep that information up to date.,http://localhost:3000/products/agent-os,Not started
P04-11,Agent OS,/products/agent-os,Contacts,Product overview,The pieces that keep your work connected.,A009,Workflows interactive workspace,Retain the existing interactive workspace. Optional static poster only if a still image is needed.,Reuse,Existing,Interactive workspace,CSS gradient + live UI,960 x 678,Live component; optional 1920 px wide poster,"Cream, peach, pink, blue",Do not replace working controls with a flattened image.,,http://localhost:3000/products/agent-os,Existing
P04-12,Agent OS,/products/agent-os,Contacts,Feature detail,See how the steps fit together.,A026,Agent OS / Graph Based Execution,A branching agent graph with one highlighted route from request to reviewed output.,Create,Standard,Generic workflow illustration,CSS gradient + live UI,580 x 580,Editable SVG/layers + 1200 x 1200 WebP,"Cream, peach, pink, blue",Preserve the existing CSS gradient. Export foreground separately with transparent background. Keep key UI within the central 80%.,Build a visible sequence of actions and decisions. Use a defined path for routine tasks and add AI reasoning where the work needs it.,http://localhost:3000/products/agent-os#graph-based-execution,Not started
P04-13,Agent OS,/products/agent-os,Contacts,Feature detail,Build once. Use it again.,A027,Agent OS / Unified Building Blocks,"Reusable skill, tool and trigger blocks snapping into a single workflow.",Create,Standard,Generic workflow illustration,CSS gradient + live UI,532 x 532,Editable SVG/layers + 1200 x 1200 WebP,"Cream, peach, pink, blue",Preserve the existing CSS gradient. Export foreground separately with transparent background. Keep key UI within the central 80%.,"Bring reusable skills, tools, and triggers into the same workflow. Keep useful steps close so your team can adapt them to another process.",http://localhost:3000/products/agent-os#unified-building-blocks,Not started
P04-14,Agent OS,/products/agent-os,Contacts,Feature detail,Give each agent a clear role.,A028,Agent OS / Multi Agent Orchestration,Three agent role cards passing one shared task and its context between them.,Create,Standard,Generic workflow illustration,CSS gradient + live UI,580 x 580,Editable SVG/layers + 1200 x 1200 WebP,"Cream, peach, pink, blue",Preserve the existing CSS gradient. Export foreground separately with transparent background. Keep key UI within the central 80%.,Break a larger process into focused tasks. Connect agents through explicit handoffs so each one has the context for its part of the work.,http://localhost:3000/products/agent-os#multi-agent-orchestration,Not started
P04-15,Agent OS,/products/agent-os,Contacts,Feature detail,Make the next run better.,A029,Agent OS / Review And Iteration,A run review panel showing a correction beside a revised workflow step.,Create,Standard,Generic workflow illustration,CSS gradient + live UI,532 x 532,Editable SVG/layers + 1200 x 1200 WebP,"Cream, peach, pink, blue",Preserve the existing CSS gradient. Export foreground separately with transparent background. Keep key UI within the central 80%.,"Review what happened, capture feedback, and update the instructions or supporting knowledge. Test the change before using it more widely.",http://localhost:3000/products/agent-os#review-and-iteration,Not started
P04-16,Agent OS,/products/agent-os,Contacts,Feature detail,Define a good result.,A030,Agent OS / Evaluation Framework,"A result checklist comparing expected and actual outputs, with one item needing review.",Create,Standard,Generic workflow illustration,CSS gradient + live UI,580 x 580,Editable SVG/layers + 1200 x 1200 WebP,"Cream, peach, pink, blue",Preserve the existing CSS gradient. Export foreground separately with transparent background. Keep key UI within the central 80%.,Set criteria for the task and compare outputs against them. Use examples and team feedback to identify where the workflow needs attention.,http://localhost:3000/products/agent-os#evaluation-framework,Not started
P04-17,Agent OS,/products/agent-os,Contacts,Feature detail,Keep people in the decisions.,A031,Agent OS / Human In The Loop,"An approval inbox with a proposed action, supporting context and approve or revise controls.",Create,Standard,Generic workflow illustration,CSS gradient + live UI,532 x 532,Editable SVG/layers + 1200 x 1200 WebP,"Cream, peach, pink, blue",Preserve the existing CSS gradient. Export foreground separately with transparent background. Keep key UI within the central 80%.,Pause at the moments that need judgment. Give the reviewer the proposed action and its context before the workflow continues.,http://localhost:3000/products/agent-os#human-in-the-loop,Not started
P04-18,Agent OS,/products/agent-os,Contacts,Feature detail,Choose the model for the task.,A032,Agent OS / Model Flexibility,"A model selection panel assigning different models to drafting, reasoning and extraction tasks.",Create,Standard,Generic workflow illustration,CSS gradient + live UI,580 x 580,Editable SVG/layers + 1200 x 1200 WebP,"Cream, peach, pink, blue",Preserve the existing CSS gradient. Export foreground separately with transparent background. Keep key UI within the central 80%.,Discuss the supported model options and your data requirements. Compare results on representative tasks before choosing what fits your workflow.,http://localhost:3000/products/agent-os#model-flexibility,Not started
P04-19,Agent OS,/products/agent-os,Contacts,Feature detail,Keep useful context close.,A033,Agent OS / Memory System,A memory drawer attaching a relevant document and prior decision to the current task.,Create,Standard,Generic workflow illustration,CSS gradient + live UI,532 x 532,Editable SVG/layers + 1200 x 1200 WebP,"Cream, peach, pink, blue",Preserve the existing CSS gradient. Export foreground separately with transparent background. Keep key UI within the central 80%.,Attach the documents and working records a task depends on. Give agents a clear source to retrieve from and keep that information up to date.,http://localhost:3000/products/agent-os#memory-system,Not started
P04-20,Agent OS,/products/agent-os,Contacts,Related product thumbnail,Platform,A015,Platform product thumbnail,"A compact workspace overview linking agents, tools and shared knowledge.",Create,High,Generic star on gradient,/brand/calendly/assistant-hero.svg + star glyph,227 x 189,Editable SVG + 1200 x 1000 WebP,"Ice blue, white, teal, deep green",Create once and reuse across related-product cards and the Platform card rail. Keep the gradient separate.,,http://localhost:3000/products/agent-os,Not started
P04-21,Agent OS,/products/agent-os,Contacts,Related product thumbnail,Integrations,A006,Integrations product thumbnail,A central Innflow node connected to a small set of tool tiles.,Create,High,Generic star on gradient,/brand/calendly/scheduling-hero.svg + star glyph,227 x 189,Editable SVG + 1200 x 1000 WebP,"Sky blue, pale aqua, navy",Create once and reuse across related-product cards and the Platform card rail. Keep the gradient separate.,,http://localhost:3000/products/agent-os,Not started
P04-22,Agent OS,/products/agent-os,Contacts,Related product thumbnail,Agentic Workflows,A010,Agentic Workflows product thumbnail,"A compact workflow canvas with trigger, branch and action nodes.",Create,High,Generic star on gradient,/brand/calendly/notetaker-hero.svg + star glyph,227 x 189,Editable SVG + 1200 x 1000 WebP,"Navy, blue, blush, lavender",Create once and reuse across related-product cards and the Platform card rail. Keep the gradient separate.,,http://localhost:3000/products/agent-os,Not started
P04-23,Agent OS,/products/agent-os,Contacts,Related product thumbnail,AI Agents,A012,AI Agents product thumbnail,An agent task card with linked evidence and a proposed next action.,Create,High,Generic star on gradient,/brand/calendly/payments-hero.svg + star glyph,227 x 189,Editable SVG + 1200 x 1000 WebP,"Pale mint, aqua, blue, navy",Create once and reuse across related-product cards and the Platform card rail. Keep the gradient separate.,,http://localhost:3000/products/agent-os,Not started
P04-24,Agent OS,/products/agent-os,Contacts,Related product thumbnail,Agent Studio,A013,Agent Studio product thumbnail,A miniature visual editor with configurable workflow nodes.,Create,High,Generic star on gradient,/brand/calendly/assistant-hero.svg + star glyph,227 x 189,Editable SVG + 1200 x 1000 WebP,"Ice blue, white, teal, deep green",Create once and reuse across related-product cards and the Platform card rail. Keep the gradient separate.,,http://localhost:3000/products/agent-os,Not started
P05-01,AI Agents,/products/ai-agents,Payments,Hero background,A little more help. A lot less chasing.,A034,Payments hero background,Reuse the existing Paper SVG as a separate background layer. No new background required.,Reuse,Existing,Existing background,/brand/calendly/payments-hero.svg,1387 x 776,Existing scalable SVG,"Pale mint, aqua, blue, navy",Shared by every page using this style.,Give your agents the context to prepare answers and move routine work forward. Keep your team involved where decisions need a person.,http://localhost:3000/products/ai-agents,Existing
P05-02,AI Agents,/products/ai-agents,Payments,Capability overview,Problem solver,A035,AI Agents / Problem Solver,"An incoming business question, linked evidence cards and a draft answer ready for review.",Create,High,Generic workflow illustration,CSS gradient + live UI,580 x 580,Editable SVG/layers + 1200 x 1200 WebP,"Pale mint, aqua, blue, navy",Preserve the existing CSS gradient. Export foreground separately with transparent background. Keep key UI within the central 80%. Reuses the first feature detail artwork.,Give an agent a question and the information behind it. Let it prepare a response or next step for your team to review.,http://localhost:3000/products/ai-agents#problem-solver,Not started
P05-03,AI Agents,/products/ai-agents,Payments,Feature card,Make room for a clearer answer.,A035,AI Agents / Problem Solver,"An incoming business question, linked evidence cards and a draft answer ready for review.",Create,Standard,Generic workflow illustration,CSS gradient + live UI,320 x 267,1200 x 1000 WebP crop of shared master,"Pale mint, aqua, blue, navy",Preserve the existing CSS gradient. Export foreground separately with transparent background. Keep key UI within the central 80%.,Give an agent a question and the information behind it. Let it prepare a response or next step for your team to review.,http://localhost:3000/products/ai-agents,Not started
P05-04,AI Agents,/products/ai-agents,Payments,Feature card,Turn the request into a plan.,A036,AI Agents / Intelligent Planning,A request turning into an ordered plan with dependencies and a human review step.,Create,Standard,Generic workflow illustration,CSS gradient + live UI,320 x 267,1200 x 1000 WebP crop of shared master,"Pale mint, aqua, blue, navy",Preserve the existing CSS gradient. Export foreground separately with transparent background. Keep key UI within the central 80%.,"Break the task into clear steps. Connect the tools and information needed at each stage, and decide where a person should review the work.",http://localhost:3000/products/ai-agents,Not started
P05-05,AI Agents,/products/ai-agents,Payments,Feature card,Keep your tools in the flow.,A037,AI Agents / Integrations Tools,"An agent connecting to an inbox, shared files and a record system through scoped tool cards.",Create,Standard,Generic workflow illustration,CSS gradient + live UI,320 x 267,1200 x 1000 WebP crop of shared master,"Pale mint, aqua, blue, navy",Preserve the existing CSS gradient. Export foreground separately with transparent background. Keep key UI within the central 80%.,"Connect the systems involved in a task. Choose the information and actions the workflow needs, with access managed through your connected accounts.",http://localhost:3000/products/ai-agents,Not started
P05-06,AI Agents,/products/ai-agents,Payments,Feature card,Move the work forward.,A038,AI Agents / Agentic Execution,"An agent task progressing through a tool action, status update and reviewed completion.",Create,Standard,Generic workflow illustration,CSS gradient + live UI,320 x 267,1200 x 1000 WebP crop of shared master,"Pale mint, aqua, blue, navy",Preserve the existing CSS gradient. Export foreground separately with transparent background. Keep key UI within the central 80%.,"Connect each task to the next action. Bring the request, supporting records, and review steps along as the workflow progresses.",http://localhost:3000/products/ai-agents,Not started
P05-07,AI Agents,/products/ai-agents,Payments,Feature card,Make your process part of the work.,A039,AI Agents / Agent Character,"An agent settings panel with its role, instructions and boundaries beside a matching draft response.",Create,Standard,Generic workflow illustration,CSS gradient + live UI,320 x 267,1200 x 1000 WebP crop of shared master,"Pale mint, aqua, blue, navy",Preserve the existing CSS gradient. Export foreground separately with transparent background. Keep key UI within the central 80%.,"Give agents the procedures, instructions, and tone your team uses. Keep that guidance current as the way you work changes.",http://localhost:3000/products/ai-agents,Not started
P05-08,AI Agents,/products/ai-agents,Payments,Feature card,Start with a useful example.,A040,AI Agents / Templates,A template picker with one reusable agent example expanded into editable steps.,Create,Standard,Generic workflow illustration,CSS gradient + live UI,320 x 267,1200 x 1000 WebP crop of shared master,"Pale mint, aqua, blue, navy",Preserve the existing CSS gradient. Export foreground separately with transparent background. Keep key UI within the central 80%.,"Choose a workflow template and adapt it to your operation. Update the instructions, tools, and review points before putting it to work.",http://localhost:3000/products/ai-agents,Not started
P05-09,AI Agents,/products/ai-agents,Payments,Feature card,Make the next run better.,A041,AI Agents / Learning Agent,A corrected result becoming a proposed instruction update before a comparison test.,Create,Standard,Generic workflow illustration,CSS gradient + live UI,320 x 267,1200 x 1000 WebP crop of shared master,"Pale mint, aqua, blue, navy",Preserve the existing CSS gradient. Export foreground separately with transparent background. Keep key UI within the central 80%.,"Review what happened, capture feedback, and update the instructions or supporting knowledge. Test the change before using it more widely.",http://localhost:3000/products/ai-agents,Not started
P05-10,AI Agents,/products/ai-agents,Payments,Feature card,Keep people in the decisions.,A042,AI Agents / Human In The Loop,A person reviewing an agent proposal with context and an explicit approval control.,Create,Standard,Generic workflow illustration,CSS gradient + live UI,320 x 267,1200 x 1000 WebP crop of shared master,"Pale mint, aqua, blue, navy",Preserve the existing CSS gradient. Export foreground separately with transparent background. Keep key UI within the central 80%.,Pause at the moments that need judgment. Give the reviewer the proposed action and its context before the workflow continues.,http://localhost:3000/products/ai-agents,Not started
P05-11,AI Agents,/products/ai-agents,Payments,Product overview,The pieces that keep your work connected.,A043,Assistant interactive workspace,Retain the existing interactive workspace. Optional static poster only if a still image is needed.,Reuse,Existing,Interactive workspace,CSS gradient + live UI,960 x 652,Live component; optional 1920 px wide poster,"Pale mint, aqua, blue, navy",Do not replace working controls with a flattened image.,,http://localhost:3000/products/ai-agents,Existing
P05-12,AI Agents,/products/ai-agents,Payments,Feature detail,Make room for a clearer answer.,A035,AI Agents / Problem Solver,"An incoming business question, linked evidence cards and a draft answer ready for review.",Create,Standard,Generic workflow illustration,CSS gradient + live UI,580 x 580,Editable SVG/layers + 1200 x 1200 WebP,"Pale mint, aqua, blue, navy",Preserve the existing CSS gradient. Export foreground separately with transparent background. Keep key UI within the central 80%.,Give an agent a question and the information behind it. Let it prepare a response or next step for your team to review.,http://localhost:3000/products/ai-agents#problem-solver,Not started
P05-13,AI Agents,/products/ai-agents,Payments,Feature detail,Turn the request into a plan.,A036,AI Agents / Intelligent Planning,A request turning into an ordered plan with dependencies and a human review step.,Create,Standard,Generic workflow illustration,CSS gradient + live UI,532 x 532,Editable SVG/layers + 1200 x 1200 WebP,"Pale mint, aqua, blue, navy",Preserve the existing CSS gradient. Export foreground separately with transparent background. Keep key UI within the central 80%.,"Break the task into clear steps. Connect the tools and information needed at each stage, and decide where a person should review the work.",http://localhost:3000/products/ai-agents#intelligent-planning,Not started
P05-14,AI Agents,/products/ai-agents,Payments,Feature detail,Move the work forward.,A038,AI Agents / Agentic Execution,"An agent task progressing through a tool action, status update and reviewed completion.",Create,Standard,Generic workflow illustration,CSS gradient + live UI,580 x 580,Editable SVG/layers + 1200 x 1200 WebP,"Pale mint, aqua, blue, navy",Preserve the existing CSS gradient. Export foreground separately with transparent background. Keep key UI within the central 80%.,"Connect each task to the next action. Bring the request, supporting records, and review steps along as the workflow progresses.",http://localhost:3000/products/ai-agents#agentic-execution,Not started
P05-15,AI Agents,/products/ai-agents,Payments,Feature detail,Keep your tools in the flow.,A037,AI Agents / Integrations Tools,"An agent connecting to an inbox, shared files and a record system through scoped tool cards.",Create,Standard,Generic workflow illustration,CSS gradient + live UI,532 x 532,Editable SVG/layers + 1200 x 1200 WebP,"Pale mint, aqua, blue, navy",Preserve the existing CSS gradient. Export foreground separately with transparent background. Keep key UI within the central 80%.,"Connect the systems involved in a task. Choose the information and actions the workflow needs, with access managed through your connected accounts.",http://localhost:3000/products/ai-agents#integrations-tools,Not started
P05-16,AI Agents,/products/ai-agents,Payments,Feature detail,Make your process part of the work.,A039,AI Agents / Agent Character,"An agent settings panel with its role, instructions and boundaries beside a matching draft response.",Create,Standard,Generic workflow illustration,CSS gradient + live UI,580 x 580,Editable SVG/layers + 1200 x 1200 WebP,"Pale mint, aqua, blue, navy",Preserve the existing CSS gradient. Export foreground separately with transparent background. Keep key UI within the central 80%.,"Give agents the procedures, instructions, and tone your team uses. Keep that guidance current as the way you work changes.",http://localhost:3000/products/ai-agents#agent-character,Not started
P05-17,AI Agents,/products/ai-agents,Payments,Feature detail,Start with a useful example.,A040,AI Agents / Templates,A template picker with one reusable agent example expanded into editable steps.,Create,Standard,Generic workflow illustration,CSS gradient + live UI,532 x 532,Editable SVG/layers + 1200 x 1200 WebP,"Pale mint, aqua, blue, navy",Preserve the existing CSS gradient. Export foreground separately with transparent background. Keep key UI within the central 80%.,"Choose a workflow template and adapt it to your operation. Update the instructions, tools, and review points before putting it to work.",http://localhost:3000/products/ai-agents#templates,Not started
P05-18,AI Agents,/products/ai-agents,Payments,Feature detail,Make the next run better.,A041,AI Agents / Learning Agent,A corrected result becoming a proposed instruction update before a comparison test.,Create,Standard,Generic workflow illustration,CSS gradient + live UI,580 x 580,Editable SVG/layers + 1200 x 1200 WebP,"Pale mint, aqua, blue, navy",Preserve the existing CSS gradient. Export foreground separately with transparent background. Keep key UI within the central 80%.,"Review what happened, capture feedback, and update the instructions or supporting knowledge. Test the change before using it more widely.",http://localhost:3000/products/ai-agents#learning-agent,Not started
P05-19,AI Agents,/products/ai-agents,Payments,Feature detail,Keep people in the decisions.,A042,AI Agents / Human In The Loop,A person reviewing an agent proposal with context and an explicit approval control.,Create,Standard,Generic workflow illustration,CSS gradient + live UI,532 x 532,Editable SVG/layers + 1200 x 1200 WebP,"Pale mint, aqua, blue, navy",Preserve the existing CSS gradient. Export foreground separately with transparent background. Keep key UI within the central 80%.,Pause at the moments that need judgment. Give the reviewer the proposed action and its context before the workflow continues.,http://localhost:3000/products/ai-agents#human-in-the-loop,Not started
P05-20,AI Agents,/products/ai-agents,Payments,Related product thumbnail,Platform,A015,Platform product thumbnail,"A compact workspace overview linking agents, tools and shared knowledge.",Create,High,Generic star on gradient,/brand/calendly/assistant-hero.svg + star glyph,227 x 189,Editable SVG + 1200 x 1000 WebP,"Ice blue, white, teal, deep green",Create once and reuse across related-product cards and the Platform card rail. Keep the gradient separate.,,http://localhost:3000/products/ai-agents,Not started
P05-21,AI Agents,/products/ai-agents,Payments,Related product thumbnail,Integrations,A006,Integrations product thumbnail,A central Innflow node connected to a small set of tool tiles.,Create,High,Generic star on gradient,/brand/calendly/scheduling-hero.svg + star glyph,227 x 189,Editable SVG + 1200 x 1000 WebP,"Sky blue, pale aqua, navy",Create once and reuse across related-product cards and the Platform card rail. Keep the gradient separate.,,http://localhost:3000/products/ai-agents,Not started
P05-22,AI Agents,/products/ai-agents,Payments,Related product thumbnail,Agentic Workflows,A010,Agentic Workflows product thumbnail,"A compact workflow canvas with trigger, branch and action nodes.",Create,High,Generic star on gradient,/brand/calendly/notetaker-hero.svg + star glyph,227 x 189,Editable SVG + 1200 x 1000 WebP,"Navy, blue, blush, lavender",Create once and reuse across related-product cards and the Platform card rail. Keep the gradient separate.,,http://localhost:3000/products/ai-agents,Not started
P05-23,AI Agents,/products/ai-agents,Payments,Related product thumbnail,Agent OS,A011,Agent OS product thumbnail,A small orchestration graph connecting agents and shared memory.,Create,High,Generic star on gradient,/brand/calendly/contacts-hero.svg + star glyph,227 x 189,Editable SVG + 1200 x 1000 WebP,"Cream, peach, pink, blue",Create once and reuse across related-product cards and the Platform card rail. Keep the gradient separate.,,http://localhost:3000/products/ai-agents,Not started
P05-24,AI Agents,/products/ai-agents,Payments,Related product thumbnail,Agent Studio,A013,Agent Studio product thumbnail,A miniature visual editor with configurable workflow nodes.,Create,High,Generic star on gradient,/brand/calendly/assistant-hero.svg + star glyph,227 x 189,Editable SVG + 1200 x 1000 WebP,"Ice blue, white, teal, deep green",Create once and reuse across related-product cards and the Platform card rail. Keep the gradient separate.,,http://localhost:3000/products/ai-agents,Not started
P06-01,Agent Studio,/products/agent-studio,Assistant,Hero background,Build the way your team works.,A001,Assistant hero background,Reuse the existing Paper SVG as a separate background layer. No new background required.,Reuse,Existing,Existing background,/brand/calendly/assistant-hero.svg,1387 x 776,Existing scalable SVG,"Ice blue, white, teal, deep green",Shared by every page using this style.,"Shape an agent around your process. Connect its tools and knowledge, try a task, and refine the steps before handing work over.",http://localhost:3000/products/agent-studio,Existing
P06-02,Agent Studio,/products/agent-studio,Assistant,Capability overview,Three ways to create,A044,Agent Studio / Creation Paths,"Three creation entry cards: choose a template, describe a workflow, or start with a blank canvas.",Create,High,Generic workflow illustration,CSS gradient + live UI,580 x 580,Editable SVG/layers + 1200 x 1200 WebP,"Ice blue, white, teal, deep green",Preserve the existing CSS gradient. Export foreground separately with transparent background. Keep key UI within the central 80%. Reuses the first feature detail artwork.,"Choose the starting point that fits the work. Adapt a reusable skill, describe a workflow to Copilot, or build each step yourself.",http://localhost:3000/products/agent-studio#creation-paths,Not started
P06-03,Agent Studio,/products/agent-studio,Assistant,Feature card,Three paths to your first workflow,A044,Agent Studio / Creation Paths,"Three creation entry cards: choose a template, describe a workflow, or start with a blank canvas.",Create,Standard,Generic workflow illustration,CSS gradient + live UI,320 x 267,1200 x 1000 WebP crop of shared master,"Ice blue, white, teal, deep green",Preserve the existing CSS gradient. Export foreground separately with transparent background. Keep key UI within the central 80%.,"Choose the starting point that fits the work. Adapt a reusable skill, describe a workflow to Copilot, or build each step yourself.",http://localhost:3000/products/agent-studio#creation-paths,Not started
P06-04,Agent Studio,/products/agent-studio,Assistant,Feature card,"Your tools, connected",A045,Agent Studio / Connectors,"A connectors drawer showing connected tools, their permission scopes and a selected action.",Create,Standard,Generic workflow illustration,CSS gradient + live UI,320 x 267,1200 x 1000 WebP crop of shared master,"Ice blue, white, teal, deep green",Preserve the existing CSS gradient. Export foreground separately with transparent background. Keep key UI within the central 80%.,"Give each workflow the context and connected tools it needs. Keep access scoped to the connected account, and confirm connector availability for your workspace before designing around it.",http://localhost:3000/products/agent-studio#connectors,Not started
P06-05,Agent Studio,/products/agent-studio,Assistant,Feature card,Build workflows visually,A046,Agent Studio / Visual Builder,A visual editor with connected steps and an open configuration drawer for one selected node.,Create,Standard,Generic workflow illustration,CSS gradient + live UI,320 x 267,1200 x 1000 WebP crop of shared master,"Ice blue, white, teal, deep green",Preserve the existing CSS gradient. Export foreground separately with transparent background. Keep key UI within the central 80%.,"Bring triggers, tools, decisions, and approvals into one workflow. See how a request moves from its first input to the next action, with people involved where judgment matters.",http://localhost:3000/products/agent-studio#visual-builder,Not started
P06-06,Agent Studio,/products/agent-studio,Assistant,Feature card,Start from reusable skills,A047,Agent Studio / Templates,"A skill library card expanding into a preconfigured, editable operation.",Create,Standard,Generic workflow illustration,CSS gradient + live UI,320 x 267,1200 x 1000 WebP crop of shared master,"Ice blue, white, teal, deep green",Preserve the existing CSS gradient. Export foreground separately with transparent background. Keep key UI within the central 80%.,"Use a reusable skill as the foundation for your next workflow. Tailor the instructions, knowledge, and approval steps to the way your property team actually works.",http://localhost:3000/products/agent-studio#templates,Not started
P06-07,Agent Studio,/products/agent-studio,Assistant,Feature card,Test before you go live,A048,Agent Studio / Testing,"A workflow test console with sample input, expected output and a reviewable test result.",Create,Standard,Generic workflow illustration,CSS gradient + live UI,320 x 267,1200 x 1000 WebP crop of shared master,"Ice blue, white, teal, deep green",Preserve the existing CSS gradient. Export foreground separately with transparent background. Keep key UI within the central 80%.,Work through representative inputs and review the output at each step. Test the expected path and the exceptions so your team can see what needs attention before relying on the workflow.,http://localhost:3000/products/agent-studio#testing,Not started
P06-08,Agent Studio,/products/agent-studio,Assistant,Feature card,Find the step that needs attention,A049,Agent Studio / Debugging,A step-by-step trace with one flagged step and its input and output panels expanded.,Create,Standard,Generic workflow illustration,CSS gradient + live UI,320 x 267,1200 x 1000 WebP crop of shared master,"Ice blue, white, teal, deep green",Preserve the existing CSS gradient. Export foreground separately with transparent background. Keep key UI within the central 80%.,"Follow the execution record to the step that needs attention. Review inputs, tool responses, and handoffs together, then adjust the workflow with a clear view of the problem.",http://localhost:3000/products/agent-studio#debugging,Not started
P06-09,Agent Studio,/products/agent-studio,Assistant,Feature card,Improve with reviewed feedback,A050,Agent Studio / Learning,A feedback annotation beside a proposed revision and a comparison test.,Create,Standard,Generic workflow illustration,CSS gradient + live UI,320 x 267,1200 x 1000 WebP crop of shared master,"Ice blue, white, teal, deep green",Preserve the existing CSS gradient. Export foreground separately with transparent background. Keep key UI within the central 80%.,"Use reviewed results to refine instructions, knowledge, and workflow logic. Improvements stay deliberate: inspect what changed and validate it before extending the workflow to more work.",http://localhost:3000/products/agent-studio#learning,Not started
P06-10,Agent Studio,/products/agent-studio,Assistant,Feature card,Publish with confidence,A051,Agent Studio / Publish,"A tested workflow moving through a release checklist into a published version, with a rollback option.",Create,Standard,Generic workflow illustration,CSS gradient + live UI,320 x 267,1200 x 1000 WebP crop of shared master,"Ice blue, white, teal, deep green",Preserve the existing CSS gradient. Export foreground separately with transparent background. Keep key UI within the central 80%.,"Bring the reviewed workflow into your operations with the right triggers, permissions, and approval points. Keep a visible record as work runs, and revisit the workflow as your process changes.",http://localhost:3000/products/agent-studio#publish,Not started
P06-11,Agent Studio,/products/agent-studio,Assistant,Product overview,From the first idea to a workflow your team can use,A009,Workflows interactive workspace,Retain the existing interactive workspace. Optional static poster only if a still image is needed.,Reuse,Existing,Interactive workspace,CSS gradient + live UI,960 x 678,Live component; optional 1920 px wide poster,"Ice blue, white, teal, deep green",Do not replace working controls with a flattened image.,,http://localhost:3000/products/agent-studio,Existing
P06-12,Agent Studio,/products/agent-studio,Assistant,Feature detail,"Start with a template, a prompt, or a blank canvas",A044,Agent Studio / Creation Paths,"Three creation entry cards: choose a template, describe a workflow, or start with a blank canvas.",Create,Standard,Generic workflow illustration,CSS gradient + live UI,580 x 580,Editable SVG/layers + 1200 x 1200 WebP,"Ice blue, white, teal, deep green",Preserve the existing CSS gradient. Export foreground separately with transparent background. Keep key UI within the central 80%.,"Choose the starting point that fits the work. Adapt a reusable skill, describe a workflow to Copilot, or build each step yourself.",http://localhost:3000/products/agent-studio#creation-paths,Not started
P06-13,Agent Studio,/products/agent-studio,Assistant,Feature detail,Make the logic visible,A046,Agent Studio / Visual Builder,A visual editor with connected steps and an open configuration drawer for one selected node.,Create,Standard,Generic workflow illustration,CSS gradient + live UI,532 x 532,Editable SVG/layers + 1200 x 1200 WebP,"Ice blue, white, teal, deep green",Preserve the existing CSS gradient. Export foreground separately with transparent background. Keep key UI within the central 80%.,"Bring triggers, tools, decisions, and approvals into one workflow. See how a request moves from its first input to the next action, with people involved where judgment matters.",http://localhost:3000/products/agent-studio#visual-builder,Not started
P06-14,Agent Studio,/products/agent-studio,Assistant,Feature detail,Keep your tools in the flow.,A045,Agent Studio / Connectors,"A connectors drawer showing connected tools, their permission scopes and a selected action.",Create,Standard,Generic workflow illustration,CSS gradient + live UI,580 x 580,Editable SVG/layers + 1200 x 1200 WebP,"Ice blue, white, teal, deep green",Preserve the existing CSS gradient. Export foreground separately with transparent background. Keep key UI within the central 80%.,"Connect the systems involved in a task. Choose the information and actions the workflow needs, with access managed through your connected accounts.",http://localhost:3000/products/agent-studio#connectors,Not started
P06-15,Agent Studio,/products/agent-studio,Assistant,Feature detail,Start with a repeatable operation,A047,Agent Studio / Templates,"A skill library card expanding into a preconfigured, editable operation.",Create,Standard,Generic workflow illustration,CSS gradient + live UI,532 x 532,Editable SVG/layers + 1200 x 1200 WebP,"Ice blue, white, teal, deep green",Preserve the existing CSS gradient. Export foreground separately with transparent background. Keep key UI within the central 80%.,"Use a reusable skill as the foundation for your next workflow. Tailor the instructions, knowledge, and approval steps to the way your property team actually works.",http://localhost:3000/products/agent-studio#templates,Not started
P06-16,Agent Studio,/products/agent-studio,Assistant,Feature detail,Check the workflow before it goes live,A048,Agent Studio / Testing,"A workflow test console with sample input, expected output and a reviewable test result.",Create,Standard,Generic workflow illustration,CSS gradient + live UI,580 x 580,Editable SVG/layers + 1200 x 1200 WebP,"Ice blue, white, teal, deep green",Preserve the existing CSS gradient. Export foreground separately with transparent background. Keep key UI within the central 80%.,Work through representative inputs and review the output at each step. Test the expected path and the exceptions so your team can see what needs attention before relying on the workflow.,http://localhost:3000/products/agent-studio#testing,Not started
P06-17,Agent Studio,/products/agent-studio,Assistant,Feature detail,"Understand what happened, step by step",A049,Agent Studio / Debugging,A step-by-step trace with one flagged step and its input and output panels expanded.,Create,Standard,Generic workflow illustration,CSS gradient + live UI,532 x 532,Editable SVG/layers + 1200 x 1200 WebP,"Ice blue, white, teal, deep green",Preserve the existing CSS gradient. Export foreground separately with transparent background. Keep key UI within the central 80%.,"Follow the execution record to the step that needs attention. Review inputs, tool responses, and handoffs together, then adjust the workflow with a clear view of the problem.",http://localhost:3000/products/agent-studio#debugging,Not started
P06-18,Agent Studio,/products/agent-studio,Assistant,Feature detail,Turn feedback into a better next run,A050,Agent Studio / Learning,A feedback annotation beside a proposed revision and a comparison test.,Create,Standard,Generic workflow illustration,CSS gradient + live UI,580 x 580,Editable SVG/layers + 1200 x 1200 WebP,"Ice blue, white, teal, deep green",Preserve the existing CSS gradient. Export foreground separately with transparent background. Keep key UI within the central 80%.,"Use reviewed results to refine instructions, knowledge, and workflow logic. Improvements stay deliberate: inspect what changed and validate it before extending the workflow to more work.",http://localhost:3000/products/agent-studio#learning,Not started
P06-19,Agent Studio,/products/agent-studio,Assistant,Feature detail,Move from a tested workflow to everyday work,A051,Agent Studio / Publish,"A tested workflow moving through a release checklist into a published version, with a rollback option.",Create,Standard,Generic workflow illustration,CSS gradient + live UI,532 x 532,Editable SVG/layers + 1200 x 1200 WebP,"Ice blue, white, teal, deep green",Preserve the existing CSS gradient. Export foreground separately with transparent background. Keep key UI within the central 80%.,"Bring the reviewed workflow into your operations with the right triggers, permissions, and approval points. Keep a visible record as work runs, and revisit the workflow as your process changes.",http://localhost:3000/products/agent-studio#publish,Not started
P06-20,Agent Studio,/products/agent-studio,Assistant,Related product thumbnail,Platform,A015,Platform product thumbnail,"A compact workspace overview linking agents, tools and shared knowledge.",Create,High,Generic star on gradient,/brand/calendly/assistant-hero.svg + star glyph,227 x 189,Editable SVG + 1200 x 1000 WebP,"Ice blue, white, teal, deep green",Create once and reuse across related-product cards and the Platform card rail. Keep the gradient separate.,,http://localhost:3000/products/agent-studio,Not started
P06-21,Agent Studio,/products/agent-studio,Assistant,Related product thumbnail,Integrations,A006,Integrations product thumbnail,A central Innflow node connected to a small set of tool tiles.,Create,High,Generic star on gradient,/brand/calendly/scheduling-hero.svg + star glyph,227 x 189,Editable SVG + 1200 x 1000 WebP,"Sky blue, pale aqua, navy",Create once and reuse across related-product cards and the Platform card rail. Keep the gradient separate.,,http://localhost:3000/products/agent-studio,Not started
P06-22,Agent Studio,/products/agent-studio,Assistant,Related product thumbnail,Agentic Workflows,A010,Agentic Workflows product thumbnail,"A compact workflow canvas with trigger, branch and action nodes.",Create,High,Generic star on gradient,/brand/calendly/notetaker-hero.svg + star glyph,227 x 189,Editable SVG + 1200 x 1000 WebP,"Navy, blue, blush, lavender",Create once and reuse across related-product cards and the Platform card rail. Keep the gradient separate.,,http://localhost:3000/products/agent-studio,Not started
P06-23,Agent Studio,/products/agent-studio,Assistant,Related product thumbnail,Agent OS,A011,Agent OS product thumbnail,A small orchestration graph connecting agents and shared memory.,Create,High,Generic star on gradient,/brand/calendly/contacts-hero.svg + star glyph,227 x 189,Editable SVG + 1200 x 1000 WebP,"Cream, peach, pink, blue",Create once and reuse across related-product cards and the Platform card rail. Keep the gradient separate.,,http://localhost:3000/products/agent-studio,Not started
P06-24,Agent Studio,/products/agent-studio,Assistant,Related product thumbnail,AI Agents,A012,AI Agents product thumbnail,An agent task card with linked evidence and a proposed next action.,Create,High,Generic star on gradient,/brand/calendly/payments-hero.svg + star glyph,227 x 189,Editable SVG + 1200 x 1000 WebP,"Pale mint, aqua, blue, navy",Create once and reuse across related-product cards and the Platform card rail. Keep the gradient separate.,,http://localhost:3000/products/agent-studio,Not started
P07-01,Agent Skills,/skills,Scheduling,Hero background,Start with a skill. Make it your own.,A014,Scheduling hero background,Reuse the existing Paper SVG as a separate background layer. No new background required.,Reuse,Existing,Existing background,/brand/calendly/scheduling-hero.svg,1387 x 776,Existing scalable SVG,"Sky blue, pale aqua, navy",Shared by every page using this style.,"Find a starting point for the work your team repeats. Explore skills for communication, finance, marketing, and property operations, then adapt the tools and review steps to your process.",http://localhost:3000/skills,Existing
P07-02,Agent Skills,/skills,Scheduling,Related product thumbnail,Platform,A015,Platform product thumbnail,"A compact workspace overview linking agents, tools and shared knowledge.",Create,High,Generic star on gradient,/brand/calendly/assistant-hero.svg + star glyph,227 x 189,Editable SVG + 1200 x 1000 WebP,"Ice blue, white, teal, deep green",Create once and reuse across related-product cards and the Platform card rail. Keep the gradient separate.,,http://localhost:3000/skills,Not started
P07-03,Agent Skills,/skills,Scheduling,Related product thumbnail,Integrations,A006,Integrations product thumbnail,A central Innflow node connected to a small set of tool tiles.,Create,High,Generic star on gradient,/brand/calendly/scheduling-hero.svg + star glyph,227 x 189,Editable SVG + 1200 x 1000 WebP,"Sky blue, pale aqua, navy",Create once and reuse across related-product cards and the Platform card rail. Keep the gradient separate.,,http://localhost:3000/skills,Not started
P07-04,Agent Skills,/skills,Scheduling,Related product thumbnail,Agentic Workflows,A010,Agentic Workflows product thumbnail,"A compact workflow canvas with trigger, branch and action nodes.",Create,High,Generic star on gradient,/brand/calendly/notetaker-hero.svg + star glyph,227 x 189,Editable SVG + 1200 x 1000 WebP,"Navy, blue, blush, lavender",Create once and reuse across related-product cards and the Platform card rail. Keep the gradient separate.,,http://localhost:3000/skills,Not started
P07-05,Agent Skills,/skills,Scheduling,Related product thumbnail,Agent OS,A011,Agent OS product thumbnail,A small orchestration graph connecting agents and shared memory.,Create,High,Generic star on gradient,/brand/calendly/contacts-hero.svg + star glyph,227 x 189,Editable SVG + 1200 x 1000 WebP,"Cream, peach, pink, blue",Create once and reuse across related-product cards and the Platform card rail. Keep the gradient separate.,,http://localhost:3000/skills,Not started
P07-06,Agent Skills,/skills,Scheduling,Related product thumbnail,AI Agents,A012,AI Agents product thumbnail,An agent task card with linked evidence and a proposed next action.,Create,High,Generic star on gradient,/brand/calendly/payments-hero.svg + star glyph,227 x 189,Editable SVG + 1200 x 1000 WebP,"Pale mint, aqua, blue, navy",Create once and reuse across related-product cards and the Platform card rail. Keep the gradient separate.,,http://localhost:3000/skills,Not started
P08-01,Files & Documents,/files-and-documents,Notetaker,Hero background,Keep property files close to the work.,A016,Notetaker hero background,Reuse the existing Paper SVG as a separate background layer. No new background required.,Reuse,Existing,Existing background,/brand/calendly/notetaker-hero.svg,1387 x 776,Existing scalable SVG,"Navy, blue, blush, lavender",Shared by every page using this style.,"Bring uploads, search, and file details into an organized library that helps your team find what they need.",http://localhost:3000/files-and-documents,Existing
P08-02,Files & Documents,/files-and-documents,Notetaker,Capability overview,File Uploads,A052,Files & Documents / File Uploads,"An upload tray feeding a file library, with processing state and a newly added document.",Rework,High,Photo with layered UI,"/brand/feature-pages/storage/storage-01-file-uploads.webp
/brand/feature-pages/artwork/140-5042.svg",580 x 580,Editable SVG/layers + 1200 x 1200 WebP,"Navy, blue, blush, lavender",Preserve the existing CSS gradient. Export foreground separately with transparent background. Keep key UI within the central 80%. Reuses the first feature detail artwork.,"Add the documents your team needs to a shared library, keeping the upload step close to everyday property work.",http://localhost:3000/files-and-documents#file-uploads,Not started
P08-03,Files & Documents,/files-and-documents,Notetaker,Product overview,Give every file a useful place in the workflow.,A053,Files & Documents overview,"A wide file library with upload, search and document detail panels.",Rework,Standard,Existing overview photo,/brand/feature-pages/storage/storage-hero.webp,960 x 398,Editable layers + 1920 x 620 WebP,"Navy, blue, blush, lavender",Replace the current overview photo with a product-led composition. Keep its wide framing.,,http://localhost:3000/files-and-documents,Not started
P08-04,Files & Documents,/files-and-documents,Notetaker,Feature card,Organized records,A054,Files & Documents / Organized Records,A compact set of labeled folders and document cards grouped by project.,Create,Standard,Text placeholder,CSS gradient + live UI,320 x 267,1200 x 1000 WebP crop of shared master,"Navy, blue, blush, lavender",Preserve the existing CSS gradient. Export foreground separately with transparent background. Keep key UI within the central 80%.,Keep the files your team uses in a familiar shared library.,http://localhost:3000/files-and-documents,Not started
P08-05,Files & Documents,/files-and-documents,Notetaker,Feature card,Focused lookup,A055,Files & Documents / Focused Lookup,A search query with one highlighted matching record and a filter chip.,Create,Standard,Text placeholder,CSS gradient + live UI,320 x 267,1200 x 1000 WebP crop of shared master,"Navy, blue, blush, lavender",Preserve the existing CSS gradient. Export foreground separately with transparent background. Keep key UI within the central 80%.,Use search and filters to narrow the next document hunt.,http://localhost:3000/files-and-documents,Not started
P08-06,Files & Documents,/files-and-documents,Notetaker,Feature card,Useful context,A056,Files & Documents / Useful Context,A document card connected to the task and owner that need it.,Create,Standard,Text placeholder,CSS gradient + live UI,320 x 267,1200 x 1000 WebP crop of shared master,"Navy, blue, blush, lavender",Preserve the existing CSS gradient. Export foreground separately with transparent background. Keep key UI within the central 80%.,Keep file details close to the work they support.,http://localhost:3000/files-and-documents,Not started
P08-07,Files & Documents,/files-and-documents,Notetaker,Feature detail,Bring the right files into view.,A052,Files & Documents / File Uploads,"An upload tray feeding a file library, with processing state and a newly added document.",Rework,Standard,Photo with layered UI,"/brand/feature-pages/storage/storage-01-file-uploads.webp
/brand/feature-pages/artwork/140-5042.svg",580 x 580,Editable SVG/layers + 1200 x 1200 WebP,"Navy, blue, blush, lavender",Preserve the existing CSS gradient. Export foreground separately with transparent background. Keep key UI within the central 80%.,"Add the documents your team needs to a shared library, keeping the upload step close to everyday property work.",http://localhost:3000/files-and-documents#file-uploads,Not started
P08-08,Files & Documents,/files-and-documents,Notetaker,Feature detail,Narrow the list with context.,A057,Files & Documents / File Filters,"A file list narrowing through owner, type and project filters with the active filter chips visible.",Rework,Standard,Photo with layered UI,"/brand/feature-pages/storage/storage-02-file-filters.webp
/brand/feature-pages/artwork/140-5064.svg",532 x 532,Editable SVG/layers + 1200 x 1200 WebP,"Navy, blue, blush, lavender",Preserve the existing CSS gradient. Export foreground separately with transparent background. Keep key UI within the central 80%.,"Use the available filters to focus the file library, so your team can spend less time scanning unrelated records.",http://localhost:3000/files-and-documents#file-filters,Not started
P08-09,Files & Documents,/files-and-documents,Notetaker,Feature detail,Find a clearer starting point.,A058,Files & Documents / Library Search,A search field above a short list of matching files with relevant text excerpts.,Rework,Standard,Photo with layered UI,"/brand/feature-pages/storage/storage-03-library-search.webp
/brand/feature-pages/artwork/140-5116.svg",580 x 580,Editable SVG/layers + 1200 x 1200 WebP,"Navy, blue, blush, lavender",Preserve the existing CSS gradient. Export foreground separately with transparent background. Keep key UI within the central 80%.,"Search the file library for relevant documents, with useful details beside the results to guide the next step.",http://localhost:3000/files-and-documents#library-search,Not started
P08-10,Files & Documents,/files-and-documents,Notetaker,Feature detail,Keep the details with the document.,A059,Files & Documents / File Details,"A document preview beside its owner, tags, source and linked workflow details.",Rework,Standard,Photo with layered UI,"/brand/feature-pages/storage/storage-04-file-details.webp
/brand/feature-pages/artwork/140-5166.svg",532 x 532,Editable SVG/layers + 1200 x 1200 WebP,"Navy, blue, blush, lavender",Preserve the existing CSS gradient. Export foreground separately with transparent background. Keep key UI within the central 80%.,"Review file information alongside the library, giving your team context for the document they are working with.",http://localhost:3000/files-and-documents#file-details,Not started
P08-11,Files & Documents,/files-and-documents,Notetaker,Related product thumbnail,Platform,A015,Platform product thumbnail,"A compact workspace overview linking agents, tools and shared knowledge.",Create,High,Generic star on gradient,/brand/calendly/assistant-hero.svg + star glyph,227 x 189,Editable SVG + 1200 x 1000 WebP,"Ice blue, white, teal, deep green",Create once and reuse across related-product cards and the Platform card rail. Keep the gradient separate.,,http://localhost:3000/files-and-documents,Not started
P08-12,Files & Documents,/files-and-documents,Notetaker,Related product thumbnail,Integrations,A006,Integrations product thumbnail,A central Innflow node connected to a small set of tool tiles.,Create,High,Generic star on gradient,/brand/calendly/scheduling-hero.svg + star glyph,227 x 189,Editable SVG + 1200 x 1000 WebP,"Sky blue, pale aqua, navy",Create once and reuse across related-product cards and the Platform card rail. Keep the gradient separate.,,http://localhost:3000/files-and-documents,Not started
P08-13,Files & Documents,/files-and-documents,Notetaker,Related product thumbnail,Agentic Workflows,A010,Agentic Workflows product thumbnail,"A compact workflow canvas with trigger, branch and action nodes.",Create,High,Generic star on gradient,/brand/calendly/notetaker-hero.svg + star glyph,227 x 189,Editable SVG + 1200 x 1000 WebP,"Navy, blue, blush, lavender",Create once and reuse across related-product cards and the Platform card rail. Keep the gradient separate.,,http://localhost:3000/files-and-documents,Not started
P08-14,Files & Documents,/files-and-documents,Notetaker,Related product thumbnail,Agent OS,A011,Agent OS product thumbnail,A small orchestration graph connecting agents and shared memory.,Create,High,Generic star on gradient,/brand/calendly/contacts-hero.svg + star glyph,227 x 189,Editable SVG + 1200 x 1000 WebP,"Cream, peach, pink, blue",Create once and reuse across related-product cards and the Platform card rail. Keep the gradient separate.,,http://localhost:3000/files-and-documents,Not started
P08-15,Files & Documents,/files-and-documents,Notetaker,Related product thumbnail,AI Agents,A012,AI Agents product thumbnail,An agent task card with linked evidence and a proposed next action.,Create,High,Generic star on gradient,/brand/calendly/payments-hero.svg + star glyph,227 x 189,Editable SVG + 1200 x 1000 WebP,"Pale mint, aqua, blue, navy",Create once and reuse across related-product cards and the Platform card rail. Keep the gradient separate.,,http://localhost:3000/files-and-documents,Not started
P09-01,AI Website Builder,/features/website,Contacts,Hero background,Give your properties a place online.,A025,Contacts hero background,Reuse the existing Paper SVG as a separate background layer. No new background required.,Reuse,Existing,Existing background,/brand/calendly/contacts-hero.svg,1387 x 776,Existing scalable SVG,"Cream, peach, pink, blue",Shared by every page using this style.,"Bring website templates, property listings, and resident access into a clearer starting point for your online presence.",http://localhost:3000/features/website,Existing
P09-02,AI Website Builder,/features/website,Contacts,Capability overview,Website Builder,A060,AI Website Builder / Website Builder,"A website editor with page sections, a property preview and a simple content settings panel.",Rework,High,Photo with layered UI,"/brand/feature-pages/websites/websites-01-website-builder.webp
/brand/feature-pages/artwork/146-5284.svg",580 x 580,Editable SVG/layers + 1200 x 1200 WebP,"Cream, peach, pink, blue",Preserve the existing CSS gradient. Export foreground separately with transparent background. Keep key UI within the central 80%. Reuses the first feature detail artwork.,"Bring your property content into the website editor, with a clear starting point for shaping the visitor experience.",http://localhost:3000/features/website#website-builder,Not started
P09-03,AI Website Builder,/features/website,Contacts,Feature card,A clear first impression,A061,AI Website Builder / A Clear First Impression,A polished property website preview shown in desktop and mobile frames.,Create,Standard,Text placeholder,CSS gradient + live UI,320 x 267,1200 x 1000 WebP crop of shared master,"Cream, peach, pink, blue",Preserve the existing CSS gradient. Export foreground separately with transparent background. Keep key UI within the central 80%.,Give visitors a useful introduction to your properties.,http://localhost:3000/features/website,Not started
P09-04,AI Website Builder,/features/website,Contacts,Feature card,Connected content,A062,AI Website Builder / Connected Content,A property record linked to the corresponding website listing card.,Create,Standard,Text placeholder,CSS gradient + live UI,320 x 267,1200 x 1000 WebP crop of shared master,"Cream, peach, pink, blue",Preserve the existing CSS gradient. Export foreground separately with transparent background. Keep key UI within the central 80%.,Keep website content and property details in step.,http://localhost:3000/features/website,Not started
P09-05,AI Website Builder,/features/website,Contacts,Feature card,Familiar access,A063,AI Website Builder / Familiar Access,A public website entry point connecting to a resident account panel.,Create,Standard,Text placeholder,CSS gradient + live UI,320 x 267,1200 x 1000 WebP crop of shared master,"Cream, peach, pink, blue",Preserve the existing CSS gradient. Export foreground separately with transparent background. Keep key UI within the central 80%.,Give residents a clear path to their everyday portal.,http://localhost:3000/features/website,Not started
P09-06,AI Website Builder,/features/website,Contacts,Product overview,Connect the website to the work behind it.,A064,AI Website Builder overview,"A wide website builder composition with desktop preview, mobile preview and content controls.",Rework,Standard,Existing overview photo,/brand/feature-pages/websites/websites-hero.webp,960 x 309,Editable layers + 1920 x 620 WebP,"Cream, peach, pink, blue",Replace the current overview photo with a product-led composition. Keep its wide framing.,,http://localhost:3000/features/website,Not started
P09-07,AI Website Builder,/features/website,Contacts,Feature detail,Start with a website that fits.,A060,AI Website Builder / Website Builder,"A website editor with page sections, a property preview and a simple content settings panel.",Rework,Standard,Photo with layered UI,"/brand/feature-pages/websites/websites-01-website-builder.webp
/brand/feature-pages/artwork/146-5284.svg",580 x 580,Editable SVG/layers + 1200 x 1200 WebP,"Cream, peach, pink, blue",Preserve the existing CSS gradient. Export foreground separately with transparent background. Keep key UI within the central 80%.,"Bring your property content into the website editor, with a clear starting point for shaping the visitor experience.",http://localhost:3000/features/website#website-builder,Not started
P09-08,AI Website Builder,/features/website,Contacts,Feature detail,Choose a useful foundation.,A065,AI Website Builder / Template Gallery,A grid of website template thumbnails with one selected design and its mobile preview.,Rework,Standard,Photo with layered UI,"/brand/feature-pages/websites/websites-02-template-gallery.webp
/brand/feature-pages/artwork/146-5311.svg",532 x 532,Editable SVG/layers + 1200 x 1200 WebP,"Cream, peach, pink, blue",Preserve the existing CSS gradient. Export foreground separately with transparent background. Keep key UI within the central 80%.,Explore the available templates and select a direction that suits the properties and information you want to present.,http://localhost:3000/features/website#template-gallery,Not started
P09-09,AI Website Builder,/features/website,Contacts,Feature detail,Keep resident access close by.,A066,AI Website Builder / Resident Access,A website navigation item opening a resident portal sign-in panel and account preview.,Rework,Standard,Photo with layered UI,"/brand/feature-pages/websites/websites-03-resident-access.webp
/brand/feature-pages/artwork/146-5380.svg",580 x 580,Editable SVG/layers + 1200 x 1200 WebP,"Cream, peach, pink, blue",Preserve the existing CSS gradient. Export foreground separately with transparent background. Keep key UI within the central 80%.,Connect the public-facing experience with a familiar place for residents to find their account details and everyday tasks.,http://localhost:3000/features/website#resident-access,Not started
P09-10,AI Website Builder,/features/website,Contacts,Feature detail,Put available properties in view.,A067,AI Website Builder / Property Listings,A property listing grid with availability filters and a selected property detail card.,Rework,Standard,Photo with layered UI,"/brand/feature-pages/websites/websites-04-property-listings.webp
/brand/feature-pages/artwork/146-5417.svg",532 x 532,Editable SVG/layers + 1200 x 1200 WebP,"Cream, peach, pink, blue",Preserve the existing CSS gradient. Export foreground separately with transparent background. Keep key UI within the central 80%.,"Keep relevant rental listings together, giving visitors a clearer path to the properties they want to explore.",http://localhost:3000/features/website#property-listings,Not started
P09-11,AI Website Builder,/features/website,Contacts,Related product thumbnail,Platform,A015,Platform product thumbnail,"A compact workspace overview linking agents, tools and shared knowledge.",Create,High,Generic star on gradient,/brand/calendly/assistant-hero.svg + star glyph,227 x 189,Editable SVG + 1200 x 1000 WebP,"Ice blue, white, teal, deep green",Create once and reuse across related-product cards and the Platform card rail. Keep the gradient separate.,,http://localhost:3000/features/website,Not started
P09-12,AI Website Builder,/features/website,Contacts,Related product thumbnail,Integrations,A006,Integrations product thumbnail,A central Innflow node connected to a small set of tool tiles.,Create,High,Generic star on gradient,/brand/calendly/scheduling-hero.svg + star glyph,227 x 189,Editable SVG + 1200 x 1000 WebP,"Sky blue, pale aqua, navy",Create once and reuse across related-product cards and the Platform card rail. Keep the gradient separate.,,http://localhost:3000/features/website,Not started
P09-13,AI Website Builder,/features/website,Contacts,Related product thumbnail,Agentic Workflows,A010,Agentic Workflows product thumbnail,"A compact workflow canvas with trigger, branch and action nodes.",Create,High,Generic star on gradient,/brand/calendly/notetaker-hero.svg + star glyph,227 x 189,Editable SVG + 1200 x 1000 WebP,"Navy, blue, blush, lavender",Create once and reuse across related-product cards and the Platform card rail. Keep the gradient separate.,,http://localhost:3000/features/website,Not started
P09-14,AI Website Builder,/features/website,Contacts,Related product thumbnail,Agent OS,A011,Agent OS product thumbnail,A small orchestration graph connecting agents and shared memory.,Create,High,Generic star on gradient,/brand/calendly/contacts-hero.svg + star glyph,227 x 189,Editable SVG + 1200 x 1000 WebP,"Cream, peach, pink, blue",Create once and reuse across related-product cards and the Platform card rail. Keep the gradient separate.,,http://localhost:3000/features/website,Not started
P09-15,AI Website Builder,/features/website,Contacts,Related product thumbnail,AI Agents,A012,AI Agents product thumbnail,An agent task card with linked evidence and a proposed next action.,Create,High,Generic star on gradient,/brand/calendly/payments-hero.svg + star glyph,227 x 189,Editable SVG + 1200 x 1000 WebP,"Pale mint, aqua, blue, navy",Create once and reuse across related-product cards and the Platform card rail. Keep the gradient separate.,,http://localhost:3000/features/website,Not started
P10-01,Databases,/products/databases,Payments,Hero background,"Your property knowledge, within reach.",A034,Payments hero background,Reuse the existing Paper SVG as a separate background layer. No new background required.,Reuse,Existing,Existing background,/brand/calendly/payments-hero.svg,1387 x 776,Existing scalable SVG,"Pale mint, aqua, blue, navy",Shared by every page using this style.,"Keep files, tables, and working records together. Give your team and agents the context they need for the next task.",http://localhost:3000/products/databases,Existing
P10-02,Databases,/products/databases,Payments,Capability overview,Agentic RAG,A068,Databases / Agentic Rag,"A question retrieving relevant passages from documents, with source citations attached to the answer.",Create,High,Generic workflow illustration,CSS gradient + live UI,580 x 580,Editable SVG/layers + 1200 x 1200 WebP,"Pale mint, aqua, blue, navy",Preserve the existing CSS gradient. Export foreground separately with transparent background. Keep key UI within the central 80%. Reuses the first feature detail artwork. Current copy repeats across two topics; keep the two placements distinct pending copy review.,Bring relevant files and records into the current task. Keep the source material connected so your team can review the basis for an answer.,http://localhost:3000/products/databases#agentic-rag,Not started
P10-03,Databases,/products/databases,Payments,Feature card,Find the context that matters.,A068,Databases / Agentic Rag,"A question retrieving relevant passages from documents, with source citations attached to the answer.",Create,Standard,Generic workflow illustration,CSS gradient + live UI,320 x 267,1200 x 1000 WebP crop of shared master,"Pale mint, aqua, blue, navy",Preserve the existing CSS gradient. Export foreground separately with transparent background. Keep key UI within the central 80%. Current copy repeats across two topics; keep the two placements distinct pending copy review.,Bring relevant files and records into the current task. Keep the source material connected so your team can review the basis for an answer.,http://localhost:3000/products/databases,Not started
P10-04,Databases,/products/databases,Payments,Feature card,Find the context that matters.,A069,Databases / Retrieval,A search query ranking relevant document snippets and linking them to a reviewable answer.,Create,Standard,Generic workflow illustration,CSS gradient + live UI,320 x 267,1200 x 1000 WebP crop of shared master,"Pale mint, aqua, blue, navy",Preserve the existing CSS gradient. Export foreground separately with transparent background. Keep key UI within the central 80%. Current copy repeats across two topics; keep the two placements distinct pending copy review.,Bring relevant files and records into the current task. Keep the source material connected so your team can review the basis for an answer.,http://localhost:3000/products/databases,Not started
P10-05,Databases,/products/databases,Payments,Feature card,Bring your working files together.,A070,Databases / All File Types,"A file library with document, spreadsheet and PDF tiles plus format and processing states.",Create,Standard,Generic workflow illustration,CSS gradient + live UI,320 x 267,1200 x 1000 WebP crop of shared master,"Pale mint, aqua, blue, navy",Preserve the existing CSS gradient. Export foreground separately with transparent background. Keep key UI within the central 80%.,Organize the documents and tables your team relies on. Check supported formats and keep the material clear enough for people and agents to use.,http://localhost:3000/products/databases,Not started
P10-06,Databases,/products/databases,Payments,Feature card,Keep useful context close.,A071,Databases / Agent Context,An agent context drawer linking current documents and records to the active task.,Create,Standard,Generic workflow illustration,CSS gradient + live UI,320 x 267,1200 x 1000 WebP crop of shared master,"Pale mint, aqua, blue, navy",Preserve the existing CSS gradient. Export foreground separately with transparent background. Keep key UI within the central 80%.,Attach the documents and working records a task depends on. Give agents a clear source to retrieve from and keep that information up to date.,http://localhost:3000/products/databases,Not started
P10-07,Databases,/products/databases,Payments,Feature card,Give shared information a home.,A072,Databases / Databases,"A structured table with linked records, a selected row and the workflow that consumes it.",Create,Standard,Generic workflow illustration,CSS gradient + live UI,320 x 267,1200 x 1000 WebP crop of shared master,"Pale mint, aqua, blue, navy",Preserve the existing CSS gradient. Export foreground separately with transparent background. Keep key UI within the central 80%.,Keep structured records connected to your workflows. Organize the details your team uses and make the relevant context available for each task.,http://localhost:3000/products/databases,Not started
P10-08,Databases,/products/databases,Payments,Product overview,The pieces that keep your work connected.,A073,Knowledge interactive workspace,Retain the existing interactive workspace. Optional static poster only if a still image is needed.,Reuse,Existing,Interactive workspace,CSS gradient + live UI,960 x 675,Live component; optional 1920 px wide poster,"Pale mint, aqua, blue, navy",Do not replace working controls with a flattened image.,,http://localhost:3000/products/databases,Existing
P10-09,Databases,/products/databases,Payments,Feature detail,Find the context that matters.,A068,Databases / Agentic Rag,"A question retrieving relevant passages from documents, with source citations attached to the answer.",Create,Standard,Generic workflow illustration,CSS gradient + live UI,580 x 580,Editable SVG/layers + 1200 x 1200 WebP,"Pale mint, aqua, blue, navy",Preserve the existing CSS gradient. Export foreground separately with transparent background. Keep key UI within the central 80%. Current copy repeats across two topics; keep the two placements distinct pending copy review.,Bring relevant files and records into the current task. Keep the source material connected so your team can review the basis for an answer.,http://localhost:3000/products/databases#agentic-rag,Not started
P10-10,Databases,/products/databases,Payments,Feature detail,Bring your working files together.,A070,Databases / All File Types,"A file library with document, spreadsheet and PDF tiles plus format and processing states.",Create,Standard,Generic workflow illustration,CSS gradient + live UI,532 x 532,Editable SVG/layers + 1200 x 1200 WebP,"Pale mint, aqua, blue, navy",Preserve the existing CSS gradient. Export foreground separately with transparent background. Keep key UI within the central 80%.,Organize the documents and tables your team relies on. Check supported formats and keep the material clear enough for people and agents to use.,http://localhost:3000/products/databases#all-file-types,Not started
P10-11,Databases,/products/databases,Payments,Feature detail,Give shared information a home.,A072,Databases / Databases,"A structured table with linked records, a selected row and the workflow that consumes it.",Create,Standard,Generic workflow illustration,CSS gradient + live UI,580 x 580,Editable SVG/layers + 1200 x 1200 WebP,"Pale mint, aqua, blue, navy",Preserve the existing CSS gradient. Export foreground separately with transparent background. Keep key UI within the central 80%.,Keep structured records connected to your workflows. Organize the details your team uses and make the relevant context available for each task.,http://localhost:3000/products/databases#databases,Not started
P10-12,Databases,/products/databases,Payments,Feature detail,Keep useful context close.,A071,Databases / Agent Context,An agent context drawer linking current documents and records to the active task.,Create,Standard,Generic workflow illustration,CSS gradient + live UI,532 x 532,Editable SVG/layers + 1200 x 1200 WebP,"Pale mint, aqua, blue, navy",Preserve the existing CSS gradient. Export foreground separately with transparent background. Keep key UI within the central 80%.,Attach the documents and working records a task depends on. Give agents a clear source to retrieve from and keep that information up to date.,http://localhost:3000/products/databases#agent-context,Not started
P10-13,Databases,/products/databases,Payments,Feature detail,Find the context that matters.,A069,Databases / Retrieval,A search query ranking relevant document snippets and linking them to a reviewable answer.,Create,Standard,Generic workflow illustration,CSS gradient + live UI,580 x 580,Editable SVG/layers + 1200 x 1200 WebP,"Pale mint, aqua, blue, navy",Preserve the existing CSS gradient. Export foreground separately with transparent background. Keep key UI within the central 80%. Current copy repeats across two topics; keep the two placements distinct pending copy review.,Bring relevant files and records into the current task. Keep the source material connected so your team can review the basis for an answer.,http://localhost:3000/products/databases#retrieval,Not started
P10-14,Databases,/products/databases,Payments,Related product thumbnail,Platform,A015,Platform product thumbnail,"A compact workspace overview linking agents, tools and shared knowledge.",Create,High,Generic star on gradient,/brand/calendly/assistant-hero.svg + star glyph,227 x 189,Editable SVG + 1200 x 1000 WebP,"Ice blue, white, teal, deep green",Create once and reuse across related-product cards and the Platform card rail. Keep the gradient separate.,,http://localhost:3000/products/databases,Not started
P10-15,Databases,/products/databases,Payments,Related product thumbnail,Integrations,A006,Integrations product thumbnail,A central Innflow node connected to a small set of tool tiles.,Create,High,Generic star on gradient,/brand/calendly/scheduling-hero.svg + star glyph,227 x 189,Editable SVG + 1200 x 1000 WebP,"Sky blue, pale aqua, navy",Create once and reuse across related-product cards and the Platform card rail. Keep the gradient separate.,,http://localhost:3000/products/databases,Not started
P10-16,Databases,/products/databases,Payments,Related product thumbnail,Agentic Workflows,A010,Agentic Workflows product thumbnail,"A compact workflow canvas with trigger, branch and action nodes.",Create,High,Generic star on gradient,/brand/calendly/notetaker-hero.svg + star glyph,227 x 189,Editable SVG + 1200 x 1000 WebP,"Navy, blue, blush, lavender",Create once and reuse across related-product cards and the Platform card rail. Keep the gradient separate.,,http://localhost:3000/products/databases,Not started
P10-17,Databases,/products/databases,Payments,Related product thumbnail,Agent OS,A011,Agent OS product thumbnail,A small orchestration graph connecting agents and shared memory.,Create,High,Generic star on gradient,/brand/calendly/contacts-hero.svg + star glyph,227 x 189,Editable SVG + 1200 x 1000 WebP,"Cream, peach, pink, blue",Create once and reuse across related-product cards and the Platform card rail. Keep the gradient separate.,,http://localhost:3000/products/databases,Not started
P10-18,Databases,/products/databases,Payments,Related product thumbnail,AI Agents,A012,AI Agents product thumbnail,An agent task card with linked evidence and a proposed next action.,Create,High,Generic star on gradient,/brand/calendly/payments-hero.svg + star glyph,227 x 189,Editable SVG + 1200 x 1000 WebP,"Pale mint, aqua, blue, navy",Create once and reuse across related-product cards and the Platform card rail. Keep the gradient separate.,,http://localhost:3000/products/databases,Not started
P11-01,Agentic Automation,/platform/agentic-automation,Assistant,Hero background,Give recurring work a clear path forward.,A001,Assistant hero background,Reuse the existing Paper SVG as a separate background layer. No new background required.,Reuse,Existing,Existing background,/brand/calendly/assistant-hero.svg,1387 x 776,Existing scalable SVG,"Ice blue, white, teal, deep green",Shared by every page using this style.,"Bring AI reasoning, connected tools, and human decisions into the same workflow. Explore a more adaptable way to coordinate the work behind every property.",http://localhost:3000/platform/agentic-automation,Existing
P11-02,Agentic Automation,/platform/agentic-automation,Assistant,Capability overview,Workflow logic,A074,Agentic Automation / Reasoning,A process graph splitting a routine request from an exception that needs reasoning and review.,Rework,High,Existing product image,/brand/platform/agentic-automation/reasoning.jpg,580 x 580,Editable SVG/layers + 1200 x 1200 WebP,"Ice blue, white, teal, deep green",Preserve the existing CSS gradient. Export foreground separately with transparent background. Keep key UI within the central 80%. Reuses the first feature detail artwork.,A maintenance request might need a simple status update or a closer look at an unusual repair. Design clear routes for routine work and review points for the decisions that need context.,http://localhost:3000/platform/agentic-automation#reasoning,Not started
P11-03,Agentic Automation,/platform/agentic-automation,Assistant,Feature card,Plan the steps. Make room for judgment.,A074,Agentic Automation / Reasoning,A process graph splitting a routine request from an exception that needs reasoning and review.,Rework,Standard,Existing product image,/brand/platform/agentic-automation/reasoning.jpg,320 x 267,1200 x 1000 WebP crop of shared master,"Ice blue, white, teal, deep green",Preserve the existing CSS gradient. Export foreground separately with transparent background. Keep key UI within the central 80%.,A maintenance request might need a simple status update or a closer look at an unusual repair. Design clear routes for routine work and review points for the decisions that need context.,http://localhost:3000/platform/agentic-automation#reasoning,Not started
P11-04,Agentic Automation,/platform/agentic-automation,Assistant,Feature card,Start with the way information arrives.,A075,Agentic Automation / Variety,"Email, document and note cards converging into one normalized request record.",Rework,Standard,Existing product image,/brand/platform/agentic-automation/variety.jpg,320 x 267,1200 x 1000 WebP crop of shared master,"Ice blue, white, teal, deep green",Preserve the existing CSS gradient. Export foreground separately with transparent background. Keep key UI within the central 80%.,"Resident emails, vendor documents, and team notes rarely follow one format. Map the information your operation needs, then decide how incomplete or ambiguous inputs should reach the right person.",http://localhost:3000/platform/agentic-automation#variety,Not started
P11-05,Agentic Automation,/platform/agentic-automation,Assistant,Feature card,Connect the tools involved in the task.,A076,Agentic Automation / Integrations,"A workflow connecting its inbox, shared record and action tools with scoped handoffs.",Rework,Standard,Existing product image,/brand/platform/agentic-automation/integrations.jpg,320 x 267,1200 x 1000 WebP crop of shared master,"Ice blue, white, teal, deep green",Preserve the existing CSS gradient. Export foreground separately with transparent background. Keep key UI within the central 80%.,"Plan each handoff around your property system, inbox, and shared records. Confirm the available connections and account permissions before deciding which actions belong in the workflow.",http://localhost:3000/platform/agentic-automation#integrations,Not started
P11-06,Agentic Automation,/platform/agentic-automation,Assistant,Feature card,Use experience to refine the process.,A077,Agentic Automation / Learning,A reviewed correction feeding a proposed workflow revision and a retest.,Rework,Standard,Existing product image,/brand/platform/agentic-automation/learning.jpg,320 x 267,1200 x 1000 WebP crop of shared master,"Ice blue, white, teal, deep green",Preserve the existing CSS gradient. Export foreground separately with transparent background. Keep key UI within the central 80%.,"Capture what a reviewer changed and why. Use recurring corrections to improve instructions for the next maintenance request, invoice, or leasing inquiry.",http://localhost:3000/platform/agentic-automation#learning,Not started
P11-07,Agentic Automation,/platform/agentic-automation,Assistant,Feature card,Define a successful outcome.,A078,Agentic Automation / Evaluations,"An outcome rubric beside a workflow result, with expected fields and a review state.",Rework,Standard,Existing product image,/brand/platform/agentic-automation/evaluations.jpg,320 x 267,1200 x 1000 WebP crop of shared master,"Ice blue, white, teal, deep green",Preserve the existing CSS gradient. Export foreground separately with transparent background. Keep key UI within the central 80%.,"A completed task is only useful when its result is right. Set expectations for required fields, routing decisions, and the final handoff so your team can assess the whole operation.",http://localhost:3000/platform/agentic-automation#evaluations,Not started
P11-08,Agentic Automation,/platform/agentic-automation,Assistant,Feature card,Put people at the right decision points.,A079,Agentic Automation / Oversight,An approval gate inserted before a consequential workflow action.,Rework,Standard,Existing product image,/brand/platform/agentic-automation/oversight.jpg,320 x 267,1200 x 1000 WebP crop of shared master,"Ice blue, white, teal, deep green",Preserve the existing CSS gradient. Export foreground separately with transparent background. Keep key UI within the central 80%.,Give a property manager the context to review a repair estimate or sensitive response. Decide where approval belongs and who takes ownership when a request needs attention.,http://localhost:3000/platform/agentic-automation#oversight,Not started
P11-09,Agentic Automation,/platform/agentic-automation,Assistant,Feature card,Make every handoff intentional.,A080,Agentic Automation / Orchestration,An agent handoff map showing each owner and the context transferred at every step.,Rework,Standard,Existing product image,/brand/platform/agentic-automation/orchestration.jpg,320 x 267,1200 x 1000 WebP crop of shared master,"Ice blue, white, teal, deep green",Preserve the existing CSS gradient. Export foreground separately with transparent background. Keep key UI within the central 80%.,"Break a larger process into focused responsibilities. A request can move from intake to review to follow-up, with clear expectations for what each step receives and passes on.",http://localhost:3000/platform/agentic-automation#orchestration,Not started
P11-10,Agentic Automation,/platform/agentic-automation,Assistant,Feature card,Prepare for everyday use.,A081,Agentic Automation / Operations,"A workflow operations panel with run status, exception queue and assigned reviewer.",Rework,Standard,Existing product image,/brand/platform/agentic-automation/reasoning.jpg,320 x 267,1200 x 1000 WebP crop of shared master,"Ice blue, white, teal, deep green",Preserve the existing CSS gradient. Export foreground separately with transparent background. Keep key UI within the central 80%.,"Before introducing a workflow to your team, work through access, support, and recovery. Agree on who monitors the process and how people step in when circumstances change.",http://localhost:3000/platform/agentic-automation#operations,Not started
P11-11,Agentic Automation,/platform/agentic-automation,Assistant,Feature detail,Plan the steps. Make room for judgment.,A074,Agentic Automation / Reasoning,A process graph splitting a routine request from an exception that needs reasoning and review.,Rework,Standard,Existing product image,/brand/platform/agentic-automation/reasoning.jpg,580 x 580,Editable SVG/layers + 1200 x 1200 WebP,"Ice blue, white, teal, deep green",Preserve the existing CSS gradient. Export foreground separately with transparent background. Keep key UI within the central 80%.,A maintenance request might need a simple status update or a closer look at an unusual repair. Design clear routes for routine work and review points for the decisions that need context.,http://localhost:3000/platform/agentic-automation#reasoning,Not started
P11-12,Agentic Automation,/platform/agentic-automation,Assistant,Feature detail,Start with the way information arrives.,A075,Agentic Automation / Variety,"Email, document and note cards converging into one normalized request record.",Rework,Standard,Existing product image,/brand/platform/agentic-automation/variety.jpg,532 x 532,Editable SVG/layers + 1200 x 1200 WebP,"Ice blue, white, teal, deep green",Preserve the existing CSS gradient. Export foreground separately with transparent background. Keep key UI within the central 80%.,"Resident emails, vendor documents, and team notes rarely follow one format. Map the information your operation needs, then decide how incomplete or ambiguous inputs should reach the right person.",http://localhost:3000/platform/agentic-automation#variety,Not started
P11-13,Agentic Automation,/platform/agentic-automation,Assistant,Feature detail,Connect the tools involved in the task.,A076,Agentic Automation / Integrations,"A workflow connecting its inbox, shared record and action tools with scoped handoffs.",Rework,Standard,Existing product image,/brand/platform/agentic-automation/integrations.jpg,580 x 580,Editable SVG/layers + 1200 x 1200 WebP,"Ice blue, white, teal, deep green",Preserve the existing CSS gradient. Export foreground separately with transparent background. Keep key UI within the central 80%.,"Plan each handoff around your property system, inbox, and shared records. Confirm the available connections and account permissions before deciding which actions belong in the workflow.",http://localhost:3000/platform/agentic-automation#integrations,Not started
P11-14,Agentic Automation,/platform/agentic-automation,Assistant,Feature detail,Use experience to refine the process.,A077,Agentic Automation / Learning,A reviewed correction feeding a proposed workflow revision and a retest.,Rework,Standard,Existing product image,/brand/platform/agentic-automation/learning.jpg,532 x 532,Editable SVG/layers + 1200 x 1200 WebP,"Ice blue, white, teal, deep green",Preserve the existing CSS gradient. Export foreground separately with transparent background. Keep key UI within the central 80%.,"Capture what a reviewer changed and why. Use recurring corrections to improve instructions for the next maintenance request, invoice, or leasing inquiry.",http://localhost:3000/platform/agentic-automation#learning,Not started
P11-15,Agentic Automation,/platform/agentic-automation,Assistant,Feature detail,Define a successful outcome.,A078,Agentic Automation / Evaluations,"An outcome rubric beside a workflow result, with expected fields and a review state.",Rework,Standard,Existing product image,/brand/platform/agentic-automation/evaluations.jpg,580 x 580,Editable SVG/layers + 1200 x 1200 WebP,"Ice blue, white, teal, deep green",Preserve the existing CSS gradient. Export foreground separately with transparent background. Keep key UI within the central 80%.,"A completed task is only useful when its result is right. Set expectations for required fields, routing decisions, and the final handoff so your team can assess the whole operation.",http://localhost:3000/platform/agentic-automation#evaluations,Not started
P11-16,Agentic Automation,/platform/agentic-automation,Assistant,Feature detail,Put people at the right decision points.,A079,Agentic Automation / Oversight,An approval gate inserted before a consequential workflow action.,Rework,Standard,Existing product image,/brand/platform/agentic-automation/oversight.jpg,532 x 532,Editable SVG/layers + 1200 x 1200 WebP,"Ice blue, white, teal, deep green",Preserve the existing CSS gradient. Export foreground separately with transparent background. Keep key UI within the central 80%.,Give a property manager the context to review a repair estimate or sensitive response. Decide where approval belongs and who takes ownership when a request needs attention.,http://localhost:3000/platform/agentic-automation#oversight,Not started
P11-17,Agentic Automation,/platform/agentic-automation,Assistant,Feature detail,Make every handoff intentional.,A080,Agentic Automation / Orchestration,An agent handoff map showing each owner and the context transferred at every step.,Rework,Standard,Existing product image,/brand/platform/agentic-automation/orchestration.jpg,580 x 580,Editable SVG/layers + 1200 x 1200 WebP,"Ice blue, white, teal, deep green",Preserve the existing CSS gradient. Export foreground separately with transparent background. Keep key UI within the central 80%.,"Break a larger process into focused responsibilities. A request can move from intake to review to follow-up, with clear expectations for what each step receives and passes on.",http://localhost:3000/platform/agentic-automation#orchestration,Not started
P11-18,Agentic Automation,/platform/agentic-automation,Assistant,Feature detail,Prepare for everyday use.,A081,Agentic Automation / Operations,"A workflow operations panel with run status, exception queue and assigned reviewer.",Rework,Standard,Existing product image,/brand/platform/agentic-automation/reasoning.jpg,532 x 532,Editable SVG/layers + 1200 x 1200 WebP,"Ice blue, white, teal, deep green",Preserve the existing CSS gradient. Export foreground separately with transparent background. Keep key UI within the central 80%.,"Before introducing a workflow to your team, work through access, support, and recovery. Agree on who monitors the process and how people step in when circumstances change.",http://localhost:3000/platform/agentic-automation#operations,Not started
P11-19,Agentic Automation,/platform/agentic-automation,Assistant,Related product thumbnail,Platform,A015,Platform product thumbnail,"A compact workspace overview linking agents, tools and shared knowledge.",Create,High,Generic star on gradient,/brand/calendly/assistant-hero.svg + star glyph,227 x 189,Editable SVG + 1200 x 1000 WebP,"Ice blue, white, teal, deep green",Create once and reuse across related-product cards and the Platform card rail. Keep the gradient separate.,,http://localhost:3000/platform/agentic-automation,Not started
P11-20,Agentic Automation,/platform/agentic-automation,Assistant,Related product thumbnail,Integrations,A006,Integrations product thumbnail,A central Innflow node connected to a small set of tool tiles.,Create,High,Generic star on gradient,/brand/calendly/scheduling-hero.svg + star glyph,227 x 189,Editable SVG + 1200 x 1000 WebP,"Sky blue, pale aqua, navy",Create once and reuse across related-product cards and the Platform card rail. Keep the gradient separate.,,http://localhost:3000/platform/agentic-automation,Not started
P11-21,Agentic Automation,/platform/agentic-automation,Assistant,Related product thumbnail,Agentic Workflows,A010,Agentic Workflows product thumbnail,"A compact workflow canvas with trigger, branch and action nodes.",Create,High,Generic star on gradient,/brand/calendly/notetaker-hero.svg + star glyph,227 x 189,Editable SVG + 1200 x 1000 WebP,"Navy, blue, blush, lavender",Create once and reuse across related-product cards and the Platform card rail. Keep the gradient separate.,,http://localhost:3000/platform/agentic-automation,Not started
P11-22,Agentic Automation,/platform/agentic-automation,Assistant,Related product thumbnail,Agent OS,A011,Agent OS product thumbnail,A small orchestration graph connecting agents and shared memory.,Create,High,Generic star on gradient,/brand/calendly/contacts-hero.svg + star glyph,227 x 189,Editable SVG + 1200 x 1000 WebP,"Cream, peach, pink, blue",Create once and reuse across related-product cards and the Platform card rail. Keep the gradient separate.,,http://localhost:3000/platform/agentic-automation,Not started
P11-23,Agentic Automation,/platform/agentic-automation,Assistant,Related product thumbnail,AI Agents,A012,AI Agents product thumbnail,An agent task card with linked evidence and a proposed next action.,Create,High,Generic star on gradient,/brand/calendly/payments-hero.svg + star glyph,227 x 189,Editable SVG + 1200 x 1000 WebP,"Pale mint, aqua, blue, navy",Create once and reuse across related-product cards and the Platform card rail. Keep the gradient separate.,,http://localhost:3000/platform/agentic-automation,Not started
P12-01,Self Learning,/platform/self-learning,Scheduling,Hero background,Turn everyday feedback into better workflows.,A014,Scheduling hero background,Reuse the existing Paper SVG as a separate background layer. No new background required.,Reuse,Existing,Existing background,/brand/calendly/scheduling-hero.svg,1387 x 776,Existing scalable SVG,"Sky blue, pale aqua, navy",Shared by every page using this style.,"Build a repeatable cycle of review, correction, and validation. Bring your team's property expertise into the way agents handle the next task.",http://localhost:3000/platform/self-learning,Existing
P12-02,Self Learning,/platform/self-learning,Scheduling,Capability overview,Learning workspace,A082,Self Learning / Hub,An improvement dashboard grouping flagged runs and review opportunities by workflow.,Rework,High,Existing product image,/brand/platform/self-learning/hub-innflow.png,580 x 580,Editable SVG/layers + 1200 x 1200 WebP,"Sky blue, pale aqua, navy",Preserve the existing CSS gradient. Export foreground separately with transparent background. Keep key UI within the central 80%. Reuses the first feature detail artwork.,Bring review findings together so the next improvement starts with a specific problem. Compare the work that needs frequent intervention with the tasks your team already trusts.,http://localhost:3000/platform/self-learning#hub,Not started
P12-03,Self Learning,/platform/self-learning,Scheduling,Feature card,Know where to focus next.,A082,Self Learning / Hub,An improvement dashboard grouping flagged runs and review opportunities by workflow.,Rework,Standard,Existing product image,/brand/platform/self-learning/hub-innflow.png,320 x 267,1200 x 1000 WebP crop of shared master,"Sky blue, pale aqua, navy",Preserve the existing CSS gradient. Export foreground separately with transparent background. Keep key UI within the central 80%.,Bring review findings together so the next improvement starts with a specific problem. Compare the work that needs frequent intervention with the tasks your team already trusts.,http://localhost:3000/platform/self-learning#hub,Not started
P12-04,Self Learning,/platform/self-learning,Scheduling,Feature card,Follow a correction through to a better result.,A083,Self Learning / Process,"A correction progressing through proposed change, validation and accepted revision.",Rework,Standard,Existing product image,/brand/platform/self-learning/process.png,320 x 267,1200 x 1000 WebP crop of shared master,"Sky blue, pale aqua, navy",Preserve the existing CSS gradient. Export foreground separately with transparent background. Keep key UI within the central 80%.,"Keep the original request, the output, and the reviewer's correction together. Use that context to refine the instructions, then rerun representative examples before adopting the change.",http://localhost:3000/platform/self-learning#process,Not started
P12-05,Self Learning,/platform/self-learning,Scheduling,Feature card,Bring your team's working knowledge into the process.,A084,Self Learning / Domain,A team knowledge library linked to the rules and examples an agent uses.,Rework,Standard,Existing product image,/brand/platform/self-learning/domain.png,320 x 267,1200 x 1000 WebP crop of shared master,"Sky blue, pale aqua, navy",Preserve the existing CSS gradient. Export foreground separately with transparent background. Keep key UI within the central 80%.,"A property team knows the difference between a routine request and an urgent exception. Document those distinctions with examples that reflect your portfolio, vendors, and responsibilities.",http://localhost:3000/platform/self-learning#domain,Not started
P12-06,Self Learning,/platform/self-learning,Scheduling,Feature card,Revisit assumptions when results change.,A085,Self Learning / Correction,An incorrect field highlighted beside its corrected value and revised instruction.,Rework,Standard,Existing product image,/brand/platform/self-learning/correction.png,320 x 267,1200 x 1000 WebP crop of shared master,"Sky blue, pale aqua, navy",Preserve the existing CSS gradient. Export foreground separately with transparent background. Keep key UI within the central 80%.,"Policies, team responsibilities, and vendor arrangements evolve. Review patterns that no longer fit the operation and update the examples your workflow relies on.",http://localhost:3000/platform/self-learning#correction,Not started
P12-07,Self Learning,/platform/self-learning,Scheduling,Feature card,Make a useful correction easy to capture.,A086,Self Learning / Feedback,A reviewer annotating an output with a concise correction and supporting example.,Rework,Standard,Existing product image,/brand/platform/self-learning/feedback.png,320 x 267,1200 x 1000 WebP crop of shared master,"Sky blue, pale aqua, navy",Preserve the existing CSS gradient. Export foreground separately with transparent background. Keep key UI within the central 80%.,"A reviewer can explain a missed detail, show a better response, or flag the wrong routing decision. Keep feedback close to the task so its meaning survives the handoff.",http://localhost:3000/platform/self-learning#feedback,Not started
P12-08,Self Learning,/platform/self-learning,Scheduling,Feature card,Check the change before relying on it.,A087,Self Learning / Validation,A before-and-after test comparison with expected outputs and a review gate.,Rework,Standard,Existing product image,/brand/platform/self-learning/validation.png,320 x 267,1200 x 1000 WebP crop of shared master,"Sky blue, pale aqua, navy",Preserve the existing CSS gradient. Export foreground separately with transparent background. Keep key UI within the central 80%.,"A better answer to one request should still work for the rest of your operation. Compare revised behavior against familiar cases, unusual inputs, and the approval paths your team expects.",http://localhost:3000/platform/self-learning#validation,Not started
P12-09,Self Learning,/platform/self-learning,Scheduling,Feature card,Look for progress across real work.,A088,Self Learning / Tracking,A trend panel comparing reviewed outcomes across successive workflow versions.,Rework,Standard,Existing product image,/brand/platform/self-learning/tracking.png,320 x 267,1200 x 1000 WebP crop of shared master,"Sky blue, pale aqua, navy",Preserve the existing CSS gradient. Export foreground separately with transparent background. Keep key UI within the central 80%.,"Track the outcomes that matter to your team: fewer repeated corrections, clearer handoffs, and less time spent revisiting a task. Review trends alongside the examples behind them.",http://localhost:3000/platform/self-learning#tracking,Not started
P12-10,Self Learning,/platform/self-learning,Scheduling,Feature card,Build a review habit your team can sustain.,A089,Self Learning / Team,"A team review queue with owners, discussion and the next improvement action.",Rework,Standard,Existing product image,/brand/platform/self-learning/team.png,320 x 267,1200 x 1000 WebP crop of shared master,"Sky blue, pale aqua, navy",Preserve the existing CSS gradient. Export foreground separately with transparent background. Keep key UI within the central 80%.,"Start with one recurring operation and a regular review cadence. Share the changes with the people who handle the work, and carry useful lessons into the next workflow.",http://localhost:3000/platform/self-learning#team,Not started
P12-11,Self Learning,/platform/self-learning,Scheduling,Feature detail,Know where to focus next.,A082,Self Learning / Hub,An improvement dashboard grouping flagged runs and review opportunities by workflow.,Rework,Standard,Existing product image,/brand/platform/self-learning/hub-innflow.png,580 x 580,Editable SVG/layers + 1200 x 1200 WebP,"Sky blue, pale aqua, navy",Preserve the existing CSS gradient. Export foreground separately with transparent background. Keep key UI within the central 80%.,Bring review findings together so the next improvement starts with a specific problem. Compare the work that needs frequent intervention with the tasks your team already trusts.,http://localhost:3000/platform/self-learning#hub,Not started
P12-12,Self Learning,/platform/self-learning,Scheduling,Feature detail,Follow a correction through to a better result.,A083,Self Learning / Process,"A correction progressing through proposed change, validation and accepted revision.",Rework,Standard,Existing product image,/brand/platform/self-learning/process.png,532 x 532,Editable SVG/layers + 1200 x 1200 WebP,"Sky blue, pale aqua, navy",Preserve the existing CSS gradient. Export foreground separately with transparent background. Keep key UI within the central 80%.,"Keep the original request, the output, and the reviewer's correction together. Use that context to refine the instructions, then rerun representative examples before adopting the change.",http://localhost:3000/platform/self-learning#process,Not started
P12-13,Self Learning,/platform/self-learning,Scheduling,Feature detail,Bring your team's working knowledge into the process.,A084,Self Learning / Domain,A team knowledge library linked to the rules and examples an agent uses.,Rework,Standard,Existing product image,/brand/platform/self-learning/domain.png,580 x 580,Editable SVG/layers + 1200 x 1200 WebP,"Sky blue, pale aqua, navy",Preserve the existing CSS gradient. Export foreground separately with transparent background. Keep key UI within the central 80%.,"A property team knows the difference between a routine request and an urgent exception. Document those distinctions with examples that reflect your portfolio, vendors, and responsibilities.",http://localhost:3000/platform/self-learning#domain,Not started
P12-14,Self Learning,/platform/self-learning,Scheduling,Feature detail,Revisit assumptions when results change.,A085,Self Learning / Correction,An incorrect field highlighted beside its corrected value and revised instruction.,Rework,Standard,Existing product image,/brand/platform/self-learning/correction.png,532 x 532,Editable SVG/layers + 1200 x 1200 WebP,"Sky blue, pale aqua, navy",Preserve the existing CSS gradient. Export foreground separately with transparent background. Keep key UI within the central 80%.,"Policies, team responsibilities, and vendor arrangements evolve. Review patterns that no longer fit the operation and update the examples your workflow relies on.",http://localhost:3000/platform/self-learning#correction,Not started
P12-15,Self Learning,/platform/self-learning,Scheduling,Feature detail,Make a useful correction easy to capture.,A086,Self Learning / Feedback,A reviewer annotating an output with a concise correction and supporting example.,Rework,Standard,Existing product image,/brand/platform/self-learning/feedback.png,580 x 580,Editable SVG/layers + 1200 x 1200 WebP,"Sky blue, pale aqua, navy",Preserve the existing CSS gradient. Export foreground separately with transparent background. Keep key UI within the central 80%.,"A reviewer can explain a missed detail, show a better response, or flag the wrong routing decision. Keep feedback close to the task so its meaning survives the handoff.",http://localhost:3000/platform/self-learning#feedback,Not started
P12-16,Self Learning,/platform/self-learning,Scheduling,Feature detail,Check the change before relying on it.,A087,Self Learning / Validation,A before-and-after test comparison with expected outputs and a review gate.,Rework,Standard,Existing product image,/brand/platform/self-learning/validation.png,532 x 532,Editable SVG/layers + 1200 x 1200 WebP,"Sky blue, pale aqua, navy",Preserve the existing CSS gradient. Export foreground separately with transparent background. Keep key UI within the central 80%.,"A better answer to one request should still work for the rest of your operation. Compare revised behavior against familiar cases, unusual inputs, and the approval paths your team expects.",http://localhost:3000/platform/self-learning#validation,Not started
P12-17,Self Learning,/platform/self-learning,Scheduling,Feature detail,Look for progress across real work.,A088,Self Learning / Tracking,A trend panel comparing reviewed outcomes across successive workflow versions.,Rework,Standard,Existing product image,/brand/platform/self-learning/tracking.png,580 x 580,Editable SVG/layers + 1200 x 1200 WebP,"Sky blue, pale aqua, navy",Preserve the existing CSS gradient. Export foreground separately with transparent background. Keep key UI within the central 80%.,"Track the outcomes that matter to your team: fewer repeated corrections, clearer handoffs, and less time spent revisiting a task. Review trends alongside the examples behind them.",http://localhost:3000/platform/self-learning#tracking,Not started
P12-18,Self Learning,/platform/self-learning,Scheduling,Feature detail,Build a review habit your team can sustain.,A089,Self Learning / Team,"A team review queue with owners, discussion and the next improvement action.",Rework,Standard,Existing product image,/brand/platform/self-learning/team.png,532 x 532,Editable SVG/layers + 1200 x 1200 WebP,"Sky blue, pale aqua, navy",Preserve the existing CSS gradient. Export foreground separately with transparent background. Keep key UI within the central 80%.,"Start with one recurring operation and a regular review cadence. Share the changes with the people who handle the work, and carry useful lessons into the next workflow.",http://localhost:3000/platform/self-learning#team,Not started
P12-19,Self Learning,/platform/self-learning,Scheduling,Related product thumbnail,Platform,A015,Platform product thumbnail,"A compact workspace overview linking agents, tools and shared knowledge.",Create,High,Generic star on gradient,/brand/calendly/assistant-hero.svg + star glyph,227 x 189,Editable SVG + 1200 x 1000 WebP,"Ice blue, white, teal, deep green",Create once and reuse across related-product cards and the Platform card rail. Keep the gradient separate.,,http://localhost:3000/platform/self-learning,Not started
P12-20,Self Learning,/platform/self-learning,Scheduling,Related product thumbnail,Integrations,A006,Integrations product thumbnail,A central Innflow node connected to a small set of tool tiles.,Create,High,Generic star on gradient,/brand/calendly/scheduling-hero.svg + star glyph,227 x 189,Editable SVG + 1200 x 1000 WebP,"Sky blue, pale aqua, navy",Create once and reuse across related-product cards and the Platform card rail. Keep the gradient separate.,,http://localhost:3000/platform/self-learning,Not started
P12-21,Self Learning,/platform/self-learning,Scheduling,Related product thumbnail,Agentic Workflows,A010,Agentic Workflows product thumbnail,"A compact workflow canvas with trigger, branch and action nodes.",Create,High,Generic star on gradient,/brand/calendly/notetaker-hero.svg + star glyph,227 x 189,Editable SVG + 1200 x 1000 WebP,"Navy, blue, blush, lavender",Create once and reuse across related-product cards and the Platform card rail. Keep the gradient separate.,,http://localhost:3000/platform/self-learning,Not started
P12-22,Self Learning,/platform/self-learning,Scheduling,Related product thumbnail,Agent OS,A011,Agent OS product thumbnail,A small orchestration graph connecting agents and shared memory.,Create,High,Generic star on gradient,/brand/calendly/contacts-hero.svg + star glyph,227 x 189,Editable SVG + 1200 x 1000 WebP,"Cream, peach, pink, blue",Create once and reuse across related-product cards and the Platform card rail. Keep the gradient separate.,,http://localhost:3000/platform/self-learning,Not started
P12-23,Self Learning,/platform/self-learning,Scheduling,Related product thumbnail,AI Agents,A012,AI Agents product thumbnail,An agent task card with linked evidence and a proposed next action.,Create,High,Generic star on gradient,/brand/calendly/payments-hero.svg + star glyph,227 x 189,Editable SVG + 1200 x 1000 WebP,"Pale mint, aqua, blue, navy",Create once and reuse across related-product cards and the Platform card rail. Keep the gradient separate.,,http://localhost:3000/platform/self-learning,Not started
P13-01,Evaluations,/platform/evaluations,Notetaker,Hero background,Know how well your agents handle the work.,A016,Notetaker hero background,Reuse the existing Paper SVG as a separate background layer. No new background required.,Reuse,Existing,Existing background,/brand/calendly/notetaker-hero.svg,1387 x 776,Existing scalable SVG,"Navy, blue, blush, lavender",Shared by every page using this style.,"Evaluate the outcome, inspect the steps, and turn findings into focused improvements with innflow.",http://localhost:3000/platform/evaluations,Existing
P13-02,Evaluations,/platform/evaluations,Notetaker,Capability overview,Three-layer accuracy,A090,Evaluations / Accuracy,An evaluation view drilling from task result to step result to one extracted field.,Rework,High,Existing product image,/brand/platform/evaluations/accuracy.png,580 x 580,Editable SVG/layers + 1200 x 1200 WebP,"Navy, blue, blush, lavender",Preserve the existing CSS gradient. Export foreground separately with transparent background. Keep key UI within the central 80%. Reuses the first feature detail artwork.,"Review the whole task, the individual step, and the fields in its output. Trace an incorrect invoice total back to the source that produced it.",http://localhost:3000/platform/evaluations#accuracy,Not started
P13-03,Evaluations,/platform/evaluations,Notetaker,Feature card,See where a result needs attention.,A090,Evaluations / Accuracy,An evaluation view drilling from task result to step result to one extracted field.,Rework,Standard,Existing product image,/brand/platform/evaluations/accuracy.png,320 x 267,1200 x 1000 WebP crop of shared master,"Navy, blue, blush, lavender",Preserve the existing CSS gradient. Export foreground separately with transparent background. Keep key UI within the central 80%.,"Review the whole task, the individual step, and the fields in its output. Trace an incorrect invoice total back to the source that produced it.",http://localhost:3000/platform/evaluations#accuracy,Not started
P13-04,Evaluations,/platform/evaluations,Notetaker,Feature card,Set a useful baseline.,A091,Evaluations / Benchmarks,A human-reviewed reference answer compared side by side with an agent output.,Rework,Standard,Existing product image,/brand/platform/evaluations/benchmarks.png,320 x 267,1200 x 1000 WebP crop of shared master,"Navy, blue, blush, lavender",Preserve the existing CSS gradient. Export foreground separately with transparent background. Keep key UI within the central 80%.,Compare an agent result with a reviewed example from your team. Use the same inputs and expectations to make the comparison meaningful.,http://localhost:3000/platform/evaluations#benchmarks,Not started
P13-05,Evaluations,/platform/evaluations,Notetaker,Feature card,Give incomplete work a clear next step.,A092,Evaluations / Retry,A failed step branching to a bounded retry or an escalation to a person.,Rework,Standard,Existing product image,/brand/platform/evaluations/retry.png,320 x 267,1200 x 1000 WebP crop of shared master,"Navy, blue, blush, lavender",Preserve the existing CSS gradient. Export foreground separately with transparent background. Keep key UI within the central 80%.,Decide which failures can be retried and which need a person. Keep limits and recovery behavior explicit before a process runs repeatedly.,http://localhost:3000/platform/evaluations#retry,Not started
P13-06,Evaluations,/platform/evaluations,Notetaker,Feature card,Define what a correct answer includes.,A093,Evaluations / Criteria,A rubric editor listing required fields and business rules beside a sample result.,Rework,Standard,Existing product image,/brand/platform/evaluations/criteria.png,320 x 267,1200 x 1000 WebP crop of shared master,"Navy, blue, blush, lavender",Preserve the existing CSS gradient. Export foreground separately with transparent background. Keep key UI within the central 80%.,"Specify the fields, formats, and business rules that matter to your operation. A valid date and a matching invoice total are concrete places to start.",http://localhost:3000/platform/evaluations#criteria,Not started
P13-07,Evaluations,/platform/evaluations,Notetaker,Feature card,Test against the work you expect.,A094,Evaluations / Datasets,A test case library containing typical inputs and edge cases with expected outcomes.,Rework,Standard,Existing product image,/brand/platform/evaluations/datasets-innflow.png,320 x 267,1200 x 1000 WebP crop of shared master,"Navy, blue, blush, lavender",Preserve the existing CSS gradient. Export foreground separately with transparent background. Keep key UI within the central 80%.,Collect representative requests with reviewed answers. Include the routine cases and the awkward exceptions that expose gaps before your team relies on a workflow.,http://localhost:3000/platform/evaluations#datasets,Not started
P13-08,Evaluations,/platform/evaluations,Notetaker,Feature card,Connect review to the next improvement.,A095,Evaluations / Feedback,A flagged evaluation linked to reviewer feedback and a proposed workflow change.,Rework,Standard,Existing product image,/brand/platform/evaluations/feedback.png,320 x 267,1200 x 1000 WebP crop of shared master,"Navy, blue, blush, lavender",Preserve the existing CSS gradient. Export foreground separately with transparent background. Keep key UI within the central 80%.,Preserve corrections alongside the original result. Give reviewers a way to explain what was missing and carry that context into the next iteration.,http://localhost:3000/platform/evaluations#feedback,Not started
P13-09,Evaluations,/platform/evaluations,Notetaker,Feature card,Look beyond a completed-task count.,A096,Evaluations / Dashboards,"An evaluation dashboard combining reviewed accuracy, unresolved issues and outcome quality.",Rework,Standard,Existing product image,/brand/platform/evaluations/dashboards.png,320 x 267,1200 x 1000 WebP crop of shared master,"Navy, blue, blush, lavender",Preserve the existing CSS gradient. Export foreground separately with transparent background. Keep key UI within the central 80%.,Review quality alongside volume and turnaround time. A workflow that finishes quickly still needs to deliver the right information to the right person.,http://localhost:3000/platform/evaluations#dashboards,Not started
P13-10,Evaluations,/platform/evaluations,Notetaker,Feature card,Share the evidence behind progress.,A097,Evaluations / Reporting,"A review report combining a small trend, example outcomes and their source evidence.",Rework,Standard,Existing product image,/brand/platform/evaluations/reporting.png,320 x 267,1200 x 1000 WebP crop of shared master,"Navy, blue, blush, lavender",Preserve the existing CSS gradient. Export foreground separately with transparent background. Keep key UI within the central 80%.,"Bring the evaluation results and supporting examples into your operational review. Make it clear what improved, what remains uncertain, and who owns the next change.",http://localhost:3000/platform/evaluations#reporting,Not started
P13-11,Evaluations,/platform/evaluations,Notetaker,Feature detail,See where a result needs attention.,A090,Evaluations / Accuracy,An evaluation view drilling from task result to step result to one extracted field.,Rework,Standard,Existing product image,/brand/platform/evaluations/accuracy.png,580 x 580,Editable SVG/layers + 1200 x 1200 WebP,"Navy, blue, blush, lavender",Preserve the existing CSS gradient. Export foreground separately with transparent background. Keep key UI within the central 80%.,"Review the whole task, the individual step, and the fields in its output. Trace an incorrect invoice total back to the source that produced it.",http://localhost:3000/platform/evaluations#accuracy,Not started
P13-12,Evaluations,/platform/evaluations,Notetaker,Feature detail,Set a useful baseline.,A091,Evaluations / Benchmarks,A human-reviewed reference answer compared side by side with an agent output.,Rework,Standard,Existing product image,/brand/platform/evaluations/benchmarks.png,532 x 532,Editable SVG/layers + 1200 x 1200 WebP,"Navy, blue, blush, lavender",Preserve the existing CSS gradient. Export foreground separately with transparent background. Keep key UI within the central 80%.,Compare an agent result with a reviewed example from your team. Use the same inputs and expectations to make the comparison meaningful.,http://localhost:3000/platform/evaluations#benchmarks,Not started
P13-13,Evaluations,/platform/evaluations,Notetaker,Feature detail,Give incomplete work a clear next step.,A092,Evaluations / Retry,A failed step branching to a bounded retry or an escalation to a person.,Rework,Standard,Existing product image,/brand/platform/evaluations/retry.png,580 x 580,Editable SVG/layers + 1200 x 1200 WebP,"Navy, blue, blush, lavender",Preserve the existing CSS gradient. Export foreground separately with transparent background. Keep key UI within the central 80%.,Decide which failures can be retried and which need a person. Keep limits and recovery behavior explicit before a process runs repeatedly.,http://localhost:3000/platform/evaluations#retry,Not started
P13-14,Evaluations,/platform/evaluations,Notetaker,Feature detail,Define what a correct answer includes.,A093,Evaluations / Criteria,A rubric editor listing required fields and business rules beside a sample result.,Rework,Standard,Existing product image,/brand/platform/evaluations/criteria.png,532 x 532,Editable SVG/layers + 1200 x 1200 WebP,"Navy, blue, blush, lavender",Preserve the existing CSS gradient. Export foreground separately with transparent background. Keep key UI within the central 80%.,"Specify the fields, formats, and business rules that matter to your operation. A valid date and a matching invoice total are concrete places to start.",http://localhost:3000/platform/evaluations#criteria,Not started
P13-15,Evaluations,/platform/evaluations,Notetaker,Feature detail,Test against the work you expect.,A094,Evaluations / Datasets,A test case library containing typical inputs and edge cases with expected outcomes.,Rework,Standard,Existing product image,/brand/platform/evaluations/datasets-innflow.png,580 x 580,Editable SVG/layers + 1200 x 1200 WebP,"Navy, blue, blush, lavender",Preserve the existing CSS gradient. Export foreground separately with transparent background. Keep key UI within the central 80%.,Collect representative requests with reviewed answers. Include the routine cases and the awkward exceptions that expose gaps before your team relies on a workflow.,http://localhost:3000/platform/evaluations#datasets,Not started
P13-16,Evaluations,/platform/evaluations,Notetaker,Feature detail,Connect review to the next improvement.,A095,Evaluations / Feedback,A flagged evaluation linked to reviewer feedback and a proposed workflow change.,Rework,Standard,Existing product image,/brand/platform/evaluations/feedback.png,532 x 532,Editable SVG/layers + 1200 x 1200 WebP,"Navy, blue, blush, lavender",Preserve the existing CSS gradient. Export foreground separately with transparent background. Keep key UI within the central 80%.,Preserve corrections alongside the original result. Give reviewers a way to explain what was missing and carry that context into the next iteration.,http://localhost:3000/platform/evaluations#feedback,Not started
P13-17,Evaluations,/platform/evaluations,Notetaker,Feature detail,Look beyond a completed-task count.,A096,Evaluations / Dashboards,"An evaluation dashboard combining reviewed accuracy, unresolved issues and outcome quality.",Rework,Standard,Existing product image,/brand/platform/evaluations/dashboards.png,580 x 580,Editable SVG/layers + 1200 x 1200 WebP,"Navy, blue, blush, lavender",Preserve the existing CSS gradient. Export foreground separately with transparent background. Keep key UI within the central 80%.,Review quality alongside volume and turnaround time. A workflow that finishes quickly still needs to deliver the right information to the right person.,http://localhost:3000/platform/evaluations#dashboards,Not started
P13-18,Evaluations,/platform/evaluations,Notetaker,Feature detail,Share the evidence behind progress.,A097,Evaluations / Reporting,"A review report combining a small trend, example outcomes and their source evidence.",Rework,Standard,Existing product image,/brand/platform/evaluations/reporting.png,532 x 532,Editable SVG/layers + 1200 x 1200 WebP,"Navy, blue, blush, lavender",Preserve the existing CSS gradient. Export foreground separately with transparent background. Keep key UI within the central 80%.,"Bring the evaluation results and supporting examples into your operational review. Make it clear what improved, what remains uncertain, and who owns the next change.",http://localhost:3000/platform/evaluations#reporting,Not started
P13-19,Evaluations,/platform/evaluations,Notetaker,Related product thumbnail,Platform,A015,Platform product thumbnail,"A compact workspace overview linking agents, tools and shared knowledge.",Create,High,Generic star on gradient,/brand/calendly/assistant-hero.svg + star glyph,227 x 189,Editable SVG + 1200 x 1000 WebP,"Ice blue, white, teal, deep green",Create once and reuse across related-product cards and the Platform card rail. Keep the gradient separate.,,http://localhost:3000/platform/evaluations,Not started
P13-20,Evaluations,/platform/evaluations,Notetaker,Related product thumbnail,Integrations,A006,Integrations product thumbnail,A central Innflow node connected to a small set of tool tiles.,Create,High,Generic star on gradient,/brand/calendly/scheduling-hero.svg + star glyph,227 x 189,Editable SVG + 1200 x 1000 WebP,"Sky blue, pale aqua, navy",Create once and reuse across related-product cards and the Platform card rail. Keep the gradient separate.,,http://localhost:3000/platform/evaluations,Not started
P13-21,Evaluations,/platform/evaluations,Notetaker,Related product thumbnail,Agentic Workflows,A010,Agentic Workflows product thumbnail,"A compact workflow canvas with trigger, branch and action nodes.",Create,High,Generic star on gradient,/brand/calendly/notetaker-hero.svg + star glyph,227 x 189,Editable SVG + 1200 x 1000 WebP,"Navy, blue, blush, lavender",Create once and reuse across related-product cards and the Platform card rail. Keep the gradient separate.,,http://localhost:3000/platform/evaluations,Not started
P13-22,Evaluations,/platform/evaluations,Notetaker,Related product thumbnail,Agent OS,A011,Agent OS product thumbnail,A small orchestration graph connecting agents and shared memory.,Create,High,Generic star on gradient,/brand/calendly/contacts-hero.svg + star glyph,227 x 189,Editable SVG + 1200 x 1000 WebP,"Cream, peach, pink, blue",Create once and reuse across related-product cards and the Platform card rail. Keep the gradient separate.,,http://localhost:3000/platform/evaluations,Not started
P13-23,Evaluations,/platform/evaluations,Notetaker,Related product thumbnail,AI Agents,A012,AI Agents product thumbnail,An agent task card with linked evidence and a proposed next action.,Create,High,Generic star on gradient,/brand/calendly/payments-hero.svg + star glyph,227 x 189,Editable SVG + 1200 x 1000 WebP,"Pale mint, aqua, blue, navy",Create once and reuse across related-product cards and the Platform card rail. Keep the gradient separate.,,http://localhost:3000/platform/evaluations,Not started
P14-01,Analytics and Observability,/platform/analytics-and-observability,Contacts,Hero background,Understand every step of your agent workflows.,A025,Contacts hero background,Reuse the existing Paper SVG as a separate background layer. No new background required.,Reuse,Existing,Existing background,/brand/calendly/contacts-hero.svg,1387 x 776,Existing scalable SVG,"Cream, peach, pink, blue",Shared by every page using this style.,"Bring outcomes, execution context, and resource use into one operational picture with innflow.",http://localhost:3000/platform/analytics-and-observability,Existing
P14-02,Analytics and Observability,/platform/analytics-and-observability,Contacts,Capability overview,Performance dashboards,A098,Analytics and Observability / Performance,"A workflow dashboard showing run volume, duration and a queue of exceptions.",Rework,High,Existing product image,/brand/platform/analytics-and-observability/performance.png,580 x 580,Editable SVG/layers + 1200 x 1200 WebP,"Cream, peach, pink, blue",Preserve the existing CSS gradient. Export foreground separately with transparent background. Keep key UI within the central 80%. Reuses the first feature detail artwork.,"Review completed work, exceptions, and time spent together. Choose a consistent period so changes in activity have a useful comparison.",http://localhost:3000/platform/analytics-and-observability#performance,Not started
P14-03,Analytics and Observability,/platform/analytics-and-observability,Contacts,Feature card,See how the operation is moving.,A098,Analytics and Observability / Performance,"A workflow dashboard showing run volume, duration and a queue of exceptions.",Rework,Standard,Existing product image,/brand/platform/analytics-and-observability/performance.png,320 x 267,1200 x 1000 WebP crop of shared master,"Cream, peach, pink, blue",Preserve the existing CSS gradient. Export foreground separately with transparent background. Keep key UI within the central 80%.,"Review completed work, exceptions, and time spent together. Choose a consistent period so changes in activity have a useful comparison.",http://localhost:3000/platform/analytics-and-observability#performance,Not started
P14-04,Analytics and Observability,/platform/analytics-and-observability,Contacts,Feature card,Find the source of an incorrect result.,A099,Analytics and Observability / Accuracy,A result investigation drilling down to a flagged field and its original source.,Rework,Standard,Existing product image,/brand/platform/analytics-and-observability/accuracy.png,320 x 267,1200 x 1000 WebP crop of shared master,"Cream, peach, pink, blue",Preserve the existing CSS gradient. Export foreground separately with transparent background. Keep key UI within the central 80%.,"Inspect a task at workflow, step, and output level. Connect a reported issue to the input and decision that need review.",http://localhost:3000/platform/analytics-and-observability#accuracy,Not started
P14-05,Analytics and Observability,/platform/analytics-and-observability,Contacts,Feature card,Follow the full sequence.,A100,Analytics and Observability / Traces,An execution trace with ordered agent and tool spans and one expanded handoff.,Rework,Standard,Existing product image,/brand/platform/analytics-and-observability/traces-innflow.png,320 x 267,1200 x 1000 WebP crop of shared master,"Cream, peach, pink, blue",Preserve the existing CSS gradient. Export foreground separately with transparent background. Keep key UI within the central 80%.,"Keep the trigger, inputs, actions, and resulting handoff connected. Use the sequence to explain a delay or understand why a request reached a particular team.",http://localhost:3000/platform/analytics-and-observability#traces,Not started
P14-06,Analytics and Observability,/platform/analytics-and-observability,Contacts,Feature card,Bring technical signals into the investigation.,A101,Analytics and Observability / Logs,A searchable log view correlated to a selected workflow run and event timeline.,Rework,Standard,Existing product image,/brand/platform/analytics-and-observability/logs-innflow.png,320 x 267,1200 x 1000 WebP crop of shared master,"Cream, peach, pink, blue",Preserve the existing CSS gradient. Export foreground separately with transparent background. Keep key UI within the central 80%.,Review errors and timing beside the task they affected. Give the people investigating a problem enough context to distinguish a slow dependency from a workflow issue.,http://localhost:3000/platform/analytics-and-observability#logs,Not started
P14-07,Analytics and Observability,/platform/analytics-and-observability,Contacts,Feature card,Understand the resources behind the work.,A102,Analytics and Observability / Costs,A resource breakdown by model and workflow with usage and cost categories.,Rework,Standard,Existing product image,/brand/platform/analytics-and-observability/costs.png,320 x 267,1200 x 1000 WebP crop of shared master,"Cream, peach, pink, blue",Preserve the existing CSS gradient. Export foreground separately with transparent background. Keep key UI within the central 80%.,Compare resource use across recurring operations. Review unusually expensive tasks alongside their complexity and quality before deciding what to change.,http://localhost:3000/platform/analytics-and-observability#costs,Not started
P14-08,Analytics and Observability,/platform/analytics-and-observability,Contacts,Feature card,Track what changes after a correction.,A103,Analytics and Observability / Learning,A version comparison showing reviewed outcomes before and after a correction.,Rework,Standard,Existing product image,/brand/platform/self-learning/hub-innflow.png,320 x 267,1200 x 1000 WebP crop of shared master,"Cream, peach, pink, blue",Preserve the existing CSS gradient. Export foreground separately with transparent background. Keep key UI within the central 80%.,Compare reviewed outcomes before and after an instruction update. Keep examples close to the trend so your team can explain the difference.,http://localhost:3000/platform/analytics-and-observability#learning,Not started
P14-09,Analytics and Observability,/platform/analytics-and-observability,Contacts,Feature card,Review the whole team of agents.,A104,Analytics and Observability / Fleet,"An agent fleet grid showing role, current status and tasks needing attention.",Rework,Standard,Existing product image,/brand/platform/analytics-and-observability/fleet-innflow.png,320 x 267,1200 x 1000 WebP crop of shared master,"Cream, peach, pink, blue",Preserve the existing CSS gradient. Export foreground separately with transparent background. Keep key UI within the central 80%.,Look across workflows to find common issues and uneven workloads. Assign attention where an agent or connection needs support.,http://localhost:3000/platform/analytics-and-observability#fleet,Not started
P14-10,Analytics and Observability,/platform/analytics-and-observability,Contacts,Feature card,Use operational data in your reporting.,A105,Analytics and Observability / Metrics,A reporting panel mapping selected operational metrics into a shareable dashboard.,Rework,Standard,Existing product image,/brand/platform/analytics-and-observability/metrics-innflow.png,320 x 267,1200 x 1000 WebP crop of shared master,"Cream, peach, pink, blue",Preserve the existing CSS gradient. Export foreground separately with transparent background. Keep key UI within the central 80%.,Plan the measures and reporting destinations your team needs. Confirm available data and access before connecting a new reporting workflow.,http://localhost:3000/platform/analytics-and-observability#metrics,Not started
P14-11,Analytics and Observability,/platform/analytics-and-observability,Contacts,Feature detail,See how the operation is moving.,A098,Analytics and Observability / Performance,"A workflow dashboard showing run volume, duration and a queue of exceptions.",Rework,Standard,Existing product image,/brand/platform/analytics-and-observability/performance.png,580 x 580,Editable SVG/layers + 1200 x 1200 WebP,"Cream, peach, pink, blue",Preserve the existing CSS gradient. Export foreground separately with transparent background. Keep key UI within the central 80%.,"Review completed work, exceptions, and time spent together. Choose a consistent period so changes in activity have a useful comparison.",http://localhost:3000/platform/analytics-and-observability#performance,Not started
P14-12,Analytics and Observability,/platform/analytics-and-observability,Contacts,Feature detail,Find the source of an incorrect result.,A099,Analytics and Observability / Accuracy,A result investigation drilling down to a flagged field and its original source.,Rework,Standard,Existing product image,/brand/platform/analytics-and-observability/accuracy.png,532 x 532,Editable SVG/layers + 1200 x 1200 WebP,"Cream, peach, pink, blue",Preserve the existing CSS gradient. Export foreground separately with transparent background. Keep key UI within the central 80%.,"Inspect a task at workflow, step, and output level. Connect a reported issue to the input and decision that need review.",http://localhost:3000/platform/analytics-and-observability#accuracy,Not started
P14-13,Analytics and Observability,/platform/analytics-and-observability,Contacts,Feature detail,Follow the full sequence.,A100,Analytics and Observability / Traces,An execution trace with ordered agent and tool spans and one expanded handoff.,Rework,Standard,Existing product image,/brand/platform/analytics-and-observability/traces-innflow.png,580 x 580,Editable SVG/layers + 1200 x 1200 WebP,"Cream, peach, pink, blue",Preserve the existing CSS gradient. Export foreground separately with transparent background. Keep key UI within the central 80%.,"Keep the trigger, inputs, actions, and resulting handoff connected. Use the sequence to explain a delay or understand why a request reached a particular team.",http://localhost:3000/platform/analytics-and-observability#traces,Not started
P14-14,Analytics and Observability,/platform/analytics-and-observability,Contacts,Feature detail,Bring technical signals into the investigation.,A101,Analytics and Observability / Logs,A searchable log view correlated to a selected workflow run and event timeline.,Rework,Standard,Existing product image,/brand/platform/analytics-and-observability/logs-innflow.png,532 x 532,Editable SVG/layers + 1200 x 1200 WebP,"Cream, peach, pink, blue",Preserve the existing CSS gradient. Export foreground separately with transparent background. Keep key UI within the central 80%.,Review errors and timing beside the task they affected. Give the people investigating a problem enough context to distinguish a slow dependency from a workflow issue.,http://localhost:3000/platform/analytics-and-observability#logs,Not started
P14-15,Analytics and Observability,/platform/analytics-and-observability,Contacts,Feature detail,Understand the resources behind the work.,A102,Analytics and Observability / Costs,A resource breakdown by model and workflow with usage and cost categories.,Rework,Standard,Existing product image,/brand/platform/analytics-and-observability/costs.png,580 x 580,Editable SVG/layers + 1200 x 1200 WebP,"Cream, peach, pink, blue",Preserve the existing CSS gradient. Export foreground separately with transparent background. Keep key UI within the central 80%.,Compare resource use across recurring operations. Review unusually expensive tasks alongside their complexity and quality before deciding what to change.,http://localhost:3000/platform/analytics-and-observability#costs,Not started
P14-16,Analytics and Observability,/platform/analytics-and-observability,Contacts,Feature detail,Track what changes after a correction.,A103,Analytics and Observability / Learning,A version comparison showing reviewed outcomes before and after a correction.,Rework,Standard,Existing product image,/brand/platform/self-learning/hub-innflow.png,532 x 532,Editable SVG/layers + 1200 x 1200 WebP,"Cream, peach, pink, blue",Preserve the existing CSS gradient. Export foreground separately with transparent background. Keep key UI within the central 80%.,Compare reviewed outcomes before and after an instruction update. Keep examples close to the trend so your team can explain the difference.,http://localhost:3000/platform/analytics-and-observability#learning,Not started
P14-17,Analytics and Observability,/platform/analytics-and-observability,Contacts,Feature detail,Review the whole team of agents.,A104,Analytics and Observability / Fleet,"An agent fleet grid showing role, current status and tasks needing attention.",Rework,Standard,Existing product image,/brand/platform/analytics-and-observability/fleet-innflow.png,580 x 580,Editable SVG/layers + 1200 x 1200 WebP,"Cream, peach, pink, blue",Preserve the existing CSS gradient. Export foreground separately with transparent background. Keep key UI within the central 80%.,Look across workflows to find common issues and uneven workloads. Assign attention where an agent or connection needs support.,http://localhost:3000/platform/analytics-and-observability#fleet,Not started
P14-18,Analytics and Observability,/platform/analytics-and-observability,Contacts,Feature detail,Use operational data in your reporting.,A105,Analytics and Observability / Metrics,A reporting panel mapping selected operational metrics into a shareable dashboard.,Rework,Standard,Existing product image,/brand/platform/analytics-and-observability/metrics-innflow.png,532 x 532,Editable SVG/layers + 1200 x 1200 WebP,"Cream, peach, pink, blue",Preserve the existing CSS gradient. Export foreground separately with transparent background. Keep key UI within the central 80%.,Plan the measures and reporting destinations your team needs. Confirm available data and access before connecting a new reporting workflow.,http://localhost:3000/platform/analytics-and-observability#metrics,Not started
P14-19,Analytics and Observability,/platform/analytics-and-observability,Contacts,Related product thumbnail,Platform,A015,Platform product thumbnail,"A compact workspace overview linking agents, tools and shared knowledge.",Create,High,Generic star on gradient,/brand/calendly/assistant-hero.svg + star glyph,227 x 189,Editable SVG + 1200 x 1000 WebP,"Ice blue, white, teal, deep green",Create once and reuse across related-product cards and the Platform card rail. Keep the gradient separate.,,http://localhost:3000/platform/analytics-and-observability,Not started
P14-20,Analytics and Observability,/platform/analytics-and-observability,Contacts,Related product thumbnail,Integrations,A006,Integrations product thumbnail,A central Innflow node connected to a small set of tool tiles.,Create,High,Generic star on gradient,/brand/calendly/scheduling-hero.svg + star glyph,227 x 189,Editable SVG + 1200 x 1000 WebP,"Sky blue, pale aqua, navy",Create once and reuse across related-product cards and the Platform card rail. Keep the gradient separate.,,http://localhost:3000/platform/analytics-and-observability,Not started
P14-21,Analytics and Observability,/platform/analytics-and-observability,Contacts,Related product thumbnail,Agentic Workflows,A010,Agentic Workflows product thumbnail,"A compact workflow canvas with trigger, branch and action nodes.",Create,High,Generic star on gradient,/brand/calendly/notetaker-hero.svg + star glyph,227 x 189,Editable SVG + 1200 x 1000 WebP,"Navy, blue, blush, lavender",Create once and reuse across related-product cards and the Platform card rail. Keep the gradient separate.,,http://localhost:3000/platform/analytics-and-observability,Not started
P14-22,Analytics and Observability,/platform/analytics-and-observability,Contacts,Related product thumbnail,Agent OS,A011,Agent OS product thumbnail,A small orchestration graph connecting agents and shared memory.,Create,High,Generic star on gradient,/brand/calendly/contacts-hero.svg + star glyph,227 x 189,Editable SVG + 1200 x 1000 WebP,"Cream, peach, pink, blue",Create once and reuse across related-product cards and the Platform card rail. Keep the gradient separate.,,http://localhost:3000/platform/analytics-and-observability,Not started
P14-23,Analytics and Observability,/platform/analytics-and-observability,Contacts,Related product thumbnail,AI Agents,A012,AI Agents product thumbnail,An agent task card with linked evidence and a proposed next action.,Create,High,Generic star on gradient,/brand/calendly/payments-hero.svg + star glyph,227 x 189,Editable SVG + 1200 x 1000 WebP,"Pale mint, aqua, blue, navy",Create once and reuse across related-product cards and the Platform card rail. Keep the gradient separate.,,http://localhost:3000/platform/analytics-and-observability,Not started
P15-01,Deployment Options,/platform/deployment-options,Payments,Hero background,Plan where and how your agents run.,A034,Payments hero background,Reuse the existing Paper SVG as a separate background layer. No new background required.,Reuse,Existing,Existing background,/brand/calendly/payments-hero.svg,1387 x 776,Existing scalable SVG,"Pale mint, aqua, blue, navy",Shared by every page using this style.,"Discuss the environment, ownership, and infrastructure requirements for bringing innflow into your operation.",http://localhost:3000/platform/deployment-options,Existing
P15-02,Deployment Options,/platform/deployment-options,Payments,Capability overview,Cloud deployment,A106,Deployment Options / Cloud,"A hosted environment overview showing the application, managed services and team access boundary.",Rework,High,Existing product image,/brand/platform/deployment-options/cloud.jpg,580 x 580,Editable SVG/layers + 1200 x 1200 WebP,"Pale mint, aqua, blue, navy",Preserve the existing CSS gradient. Export foreground separately with transparent background. Keep key UI within the central 80%. Reuses the first feature detail artwork.,"Discuss the hosting environment, expected workload, and services your workflow depends on. Establish how updates and day-to-day support will be handled.",http://localhost:3000/platform/deployment-options#cloud,Not started
P15-03,Deployment Options,/platform/deployment-options,Payments,Feature card,Start with the operational requirements.,A106,Deployment Options / Cloud,"A hosted environment overview showing the application, managed services and team access boundary.",Rework,Standard,Existing product image,/brand/platform/deployment-options/cloud.jpg,320 x 267,1200 x 1000 WebP crop of shared master,"Pale mint, aqua, blue, navy",Preserve the existing CSS gradient. Export foreground separately with transparent background. Keep key UI within the central 80%.,"Discuss the hosting environment, expected workload, and services your workflow depends on. Establish how updates and day-to-day support will be handled.",http://localhost:3000/platform/deployment-options#cloud,Not started
P15-04,Deployment Options,/platform/deployment-options,Payments,Feature card,Define the boundaries of a dedicated setup.,A107,Deployment Options / Private,A dedicated environment architecture enclosed within a clearly labeled private boundary.,Rework,Standard,Existing product image,/brand/platform/deployment-options/private-innflow.png,320 x 267,1200 x 1000 WebP crop of shared master,"Pale mint, aqua, blue, navy",Preserve the existing CSS gradient. Export foreground separately with transparent background. Keep key UI within the central 80%.,"Work through network access, account ownership, and isolation requirements with your infrastructure team. Confirm the deployment scope before implementation.",http://localhost:3000/platform/deployment-options#private,Not started
P15-05,Deployment Options,/platform/deployment-options,Payments,Feature card,Map responsibilities within your environment.,A108,Deployment Options / On Premise,An on-premise architecture with infrastructure ownership and operational responsibilities labeled.,Rework,Standard,Existing product image,/brand/platform/deployment-options/on-premise-innflow.png,320 x 267,1200 x 1000 WebP crop of shared master,"Pale mint, aqua, blue, navy",Preserve the existing CSS gradient. Export foreground separately with transparent background. Keep key UI within the central 80%.,"For infrastructure you operate, define the hardware, service dependencies, and maintenance responsibilities. Review feasibility against the needs of the intended workflow.",http://localhost:3000/platform/deployment-options#on-premise,Not started
P15-06,Deployment Options,/platform/deployment-options,Payments,Feature card,Choose model access deliberately.,A109,Deployment Options / Models,A model access chooser connecting approved providers to the deployment environment.,Rework,Standard,Existing product image,/brand/platform/deployment-options/models.jpg,320 x 267,1200 x 1000 WebP crop of shared master,"Pale mint, aqua, blue, navy",Preserve the existing CSS gradient. Export foreground separately with transparent background. Keep key UI within the central 80%.,"Review the model endpoints, data handling requirements, and credentials involved in an operation. Match the proposed setup to the task and its constraints.",http://localhost:3000/platform/deployment-options#models,Not started
P15-07,Deployment Options,/platform/deployment-options,Payments,Feature card,Account for where data needs to stay.,A110,Deployment Options / Regions,A regional deployment map with a selected data location and defined storage boundary.,Rework,Standard,Existing product image,/brand/platform/deployment-options/regions.jpg,320 x 267,1200 x 1000 WebP crop of shared master,"Pale mint, aqua, blue, navy",Preserve the existing CSS gradient. Export foreground separately with transparent background. Keep key UI within the central 80%.,"Document the locations involved in storage, processing, and support. Bring residency requirements into the deployment discussion before choosing an environment.",http://localhost:3000/platform/deployment-options#regions,Not started
P15-08,Deployment Options,/platform/deployment-options,Payments,Feature card,Prepare for a change of environment.,A111,Deployment Options / Migration,A staged migration path from source environment through validation to the destination.,Rework,Standard,Existing product image,/brand/platform/deployment-options/migration-innflow.png,320 x 267,1200 x 1000 WebP crop of shared master,"Pale mint, aqua, blue, navy",Preserve the existing CSS gradient. Export foreground separately with transparent background. Keep key UI within the central 80%.,"Inventory workflow configuration and connected accounts before a move. Plan validation, cutover, and recovery so the transition has a clear owner.",http://localhost:3000/platform/deployment-options#migration,Not started
P15-09,Deployment Options,/platform/deployment-options,Payments,Feature card,Agree on the controls the environment needs.,A112,Deployment Options / Governance,"An environment policy panel with roles, access boundaries and review controls.",Rework,Standard,Existing product image,/brand/platform/deployment-options/governance.jpg,320 x 267,1200 x 1000 WebP crop of shared master,"Pale mint, aqua, blue, navy",Preserve the existing CSS gradient. Export foreground separately with transparent background. Keep key UI within the central 80%.,Review the evidence required by your organization and the responsibilities of each provider. Confirm applicable controls as part of deployment planning.,http://localhost:3000/platform/deployment-options#governance,Not started
P15-10,Deployment Options,/platform/deployment-options,Payments,Feature card,Bring the right people into the rollout.,A113,Deployment Options / Support,"A rollout checklist assigning infrastructure, security and operational tasks to team owners.",Rework,Standard,Existing product image,/brand/platform/deployment-options/support-innflow.png,320 x 267,1200 x 1000 WebP crop of shared master,"Pale mint, aqua, blue, navy",Preserve the existing CSS gradient. Export foreground separately with transparent background. Keep key UI within the central 80%.,"Coordinate the operational team, system owners, and implementation contacts. Work from a shared checklist for connections, validation, and ongoing support.",http://localhost:3000/platform/deployment-options#support,Not started
P15-11,Deployment Options,/platform/deployment-options,Payments,Feature detail,Start with the operational requirements.,A106,Deployment Options / Cloud,"A hosted environment overview showing the application, managed services and team access boundary.",Rework,Standard,Existing product image,/brand/platform/deployment-options/cloud.jpg,580 x 580,Editable SVG/layers + 1200 x 1200 WebP,"Pale mint, aqua, blue, navy",Preserve the existing CSS gradient. Export foreground separately with transparent background. Keep key UI within the central 80%.,"Discuss the hosting environment, expected workload, and services your workflow depends on. Establish how updates and day-to-day support will be handled.",http://localhost:3000/platform/deployment-options#cloud,Not started
P15-12,Deployment Options,/platform/deployment-options,Payments,Feature detail,Define the boundaries of a dedicated setup.,A107,Deployment Options / Private,A dedicated environment architecture enclosed within a clearly labeled private boundary.,Rework,Standard,Existing product image,/brand/platform/deployment-options/private-innflow.png,532 x 532,Editable SVG/layers + 1200 x 1200 WebP,"Pale mint, aqua, blue, navy",Preserve the existing CSS gradient. Export foreground separately with transparent background. Keep key UI within the central 80%.,"Work through network access, account ownership, and isolation requirements with your infrastructure team. Confirm the deployment scope before implementation.",http://localhost:3000/platform/deployment-options#private,Not started
P15-13,Deployment Options,/platform/deployment-options,Payments,Feature detail,Map responsibilities within your environment.,A108,Deployment Options / On Premise,An on-premise architecture with infrastructure ownership and operational responsibilities labeled.,Rework,Standard,Existing product image,/brand/platform/deployment-options/on-premise-innflow.png,580 x 580,Editable SVG/layers + 1200 x 1200 WebP,"Pale mint, aqua, blue, navy",Preserve the existing CSS gradient. Export foreground separately with transparent background. Keep key UI within the central 80%.,"For infrastructure you operate, define the hardware, service dependencies, and maintenance responsibilities. Review feasibility against the needs of the intended workflow.",http://localhost:3000/platform/deployment-options#on-premise,Not started
P15-14,Deployment Options,/platform/deployment-options,Payments,Feature detail,Choose model access deliberately.,A109,Deployment Options / Models,A model access chooser connecting approved providers to the deployment environment.,Rework,Standard,Existing product image,/brand/platform/deployment-options/models.jpg,532 x 532,Editable SVG/layers + 1200 x 1200 WebP,"Pale mint, aqua, blue, navy",Preserve the existing CSS gradient. Export foreground separately with transparent background. Keep key UI within the central 80%.,"Review the model endpoints, data handling requirements, and credentials involved in an operation. Match the proposed setup to the task and its constraints.",http://localhost:3000/platform/deployment-options#models,Not started
P15-15,Deployment Options,/platform/deployment-options,Payments,Feature detail,Account for where data needs to stay.,A110,Deployment Options / Regions,A regional deployment map with a selected data location and defined storage boundary.,Rework,Standard,Existing product image,/brand/platform/deployment-options/regions.jpg,580 x 580,Editable SVG/layers + 1200 x 1200 WebP,"Pale mint, aqua, blue, navy",Preserve the existing CSS gradient. Export foreground separately with transparent background. Keep key UI within the central 80%.,"Document the locations involved in storage, processing, and support. Bring residency requirements into the deployment discussion before choosing an environment.",http://localhost:3000/platform/deployment-options#regions,Not started
P15-16,Deployment Options,/platform/deployment-options,Payments,Feature detail,Prepare for a change of environment.,A111,Deployment Options / Migration,A staged migration path from source environment through validation to the destination.,Rework,Standard,Existing product image,/brand/platform/deployment-options/migration-innflow.png,532 x 532,Editable SVG/layers + 1200 x 1200 WebP,"Pale mint, aqua, blue, navy",Preserve the existing CSS gradient. Export foreground separately with transparent background. Keep key UI within the central 80%.,"Inventory workflow configuration and connected accounts before a move. Plan validation, cutover, and recovery so the transition has a clear owner.",http://localhost:3000/platform/deployment-options#migration,Not started
P15-17,Deployment Options,/platform/deployment-options,Payments,Feature detail,Agree on the controls the environment needs.,A112,Deployment Options / Governance,"An environment policy panel with roles, access boundaries and review controls.",Rework,Standard,Existing product image,/brand/platform/deployment-options/governance.jpg,580 x 580,Editable SVG/layers + 1200 x 1200 WebP,"Pale mint, aqua, blue, navy",Preserve the existing CSS gradient. Export foreground separately with transparent background. Keep key UI within the central 80%.,Review the evidence required by your organization and the responsibilities of each provider. Confirm applicable controls as part of deployment planning.,http://localhost:3000/platform/deployment-options#governance,Not started
P15-18,Deployment Options,/platform/deployment-options,Payments,Feature detail,Bring the right people into the rollout.,A113,Deployment Options / Support,"A rollout checklist assigning infrastructure, security and operational tasks to team owners.",Rework,Standard,Existing product image,/brand/platform/deployment-options/support-innflow.png,532 x 532,Editable SVG/layers + 1200 x 1200 WebP,"Pale mint, aqua, blue, navy",Preserve the existing CSS gradient. Export foreground separately with transparent background. Keep key UI within the central 80%.,"Coordinate the operational team, system owners, and implementation contacts. Work from a shared checklist for connections, validation, and ongoing support.",http://localhost:3000/platform/deployment-options#support,Not started
P15-19,Deployment Options,/platform/deployment-options,Payments,Related product thumbnail,Platform,A015,Platform product thumbnail,"A compact workspace overview linking agents, tools and shared knowledge.",Create,High,Generic star on gradient,/brand/calendly/assistant-hero.svg + star glyph,227 x 189,Editable SVG + 1200 x 1000 WebP,"Ice blue, white, teal, deep green",Create once and reuse across related-product cards and the Platform card rail. Keep the gradient separate.,,http://localhost:3000/platform/deployment-options,Not started
P15-20,Deployment Options,/platform/deployment-options,Payments,Related product thumbnail,Integrations,A006,Integrations product thumbnail,A central Innflow node connected to a small set of tool tiles.,Create,High,Generic star on gradient,/brand/calendly/scheduling-hero.svg + star glyph,227 x 189,Editable SVG + 1200 x 1000 WebP,"Sky blue, pale aqua, navy",Create once and reuse across related-product cards and the Platform card rail. Keep the gradient separate.,,http://localhost:3000/platform/deployment-options,Not started
P15-21,Deployment Options,/platform/deployment-options,Payments,Related product thumbnail,Agentic Workflows,A010,Agentic Workflows product thumbnail,"A compact workflow canvas with trigger, branch and action nodes.",Create,High,Generic star on gradient,/brand/calendly/notetaker-hero.svg + star glyph,227 x 189,Editable SVG + 1200 x 1000 WebP,"Navy, blue, blush, lavender",Create once and reuse across related-product cards and the Platform card rail. Keep the gradient separate.,,http://localhost:3000/platform/deployment-options,Not started
P15-22,Deployment Options,/platform/deployment-options,Payments,Related product thumbnail,Agent OS,A011,Agent OS product thumbnail,A small orchestration graph connecting agents and shared memory.,Create,High,Generic star on gradient,/brand/calendly/contacts-hero.svg + star glyph,227 x 189,Editable SVG + 1200 x 1000 WebP,"Cream, peach, pink, blue",Create once and reuse across related-product cards and the Platform card rail. Keep the gradient separate.,,http://localhost:3000/platform/deployment-options,Not started
P15-23,Deployment Options,/platform/deployment-options,Payments,Related product thumbnail,AI Agents,A012,AI Agents product thumbnail,An agent task card with linked evidence and a proposed next action.,Create,High,Generic star on gradient,/brand/calendly/payments-hero.svg + star glyph,227 x 189,Editable SVG + 1200 x 1000 WebP,"Pale mint, aqua, blue, navy",Create once and reuse across related-product cards and the Platform card rail. Keep the gradient separate.,,http://localhost:3000/platform/deployment-options,Not started
P16-01,Security and Compliance,/platform/security-and-compliance,Assistant,Hero background,Build trust into the way work gets done.,A001,Assistant hero background,Reuse the existing Paper SVG as a separate background layer. No new background required.,Reuse,Existing,Existing background,/brand/calendly/assistant-hero.svg,1387 x 776,Existing scalable SVG,"Ice blue, white, teal, deep green",Shared by every page using this style.,"Explore access, data handling, and operational governance with innflow. Bring your security requirements into the conversation from the start.",http://localhost:3000/platform/security-and-compliance,Existing
P16-02,Security and Compliance,/platform/security-and-compliance,Assistant,Capability overview,Compliance review,A114,Security and Compliance / Compliance,An evidence library with policy and review documents grouped for assessment. Avoid unverified certification badges.,Rework,High,Existing product image,/brand/platform/security-and-compliance/compliance.png,580 x 580,Editable SVG/layers + 1200 x 1200 WebP,"Ice blue, white, teal, deep green",Preserve the existing CSS gradient. Export foreground separately with transparent background. Keep key UI within the central 80%. Reuses the first feature detail artwork.,Identify the standards and documentation relevant to your organization. Request current evidence for the proposed deployment before treating a requirement as satisfied.,http://localhost:3000/platform/security-and-compliance#compliance,Not started
P16-03,Security and Compliance,/platform/security-and-compliance,Assistant,Feature card,Start with the evidence your team needs.,A114,Security and Compliance / Compliance,An evidence library with policy and review documents grouped for assessment. Avoid unverified certification badges.,Rework,Standard,Existing product image,/brand/platform/security-and-compliance/compliance.png,320 x 267,1200 x 1000 WebP crop of shared master,"Ice blue, white, teal, deep green",Preserve the existing CSS gradient. Export foreground separately with transparent background. Keep key UI within the central 80%.,Identify the standards and documentation relevant to your organization. Request current evidence for the proposed deployment before treating a requirement as satisfied.,http://localhost:3000/platform/security-and-compliance#compliance,Not started
P16-04,Security and Compliance,/platform/security-and-compliance,Assistant,Feature card,Understand where information travels.,A115,Security and Compliance / Privacy,"A data-flow diagram showing collection, processing, storage and controlled sharing boundaries.",Rework,Standard,Existing product image,/brand/platform/security-and-compliance/privacy.png,320 x 267,1200 x 1000 WebP crop of shared master,"Ice blue, white, teal, deep green",Preserve the existing CSS gradient. Export foreground separately with transparent background. Keep key UI within the central 80%.,"Map the data involved in your workflow and the services that process it. Review storage, retention, and regional requirements together.",http://localhost:3000/platform/security-and-compliance#privacy,Not started
P16-05,Security and Compliance,/platform/security-and-compliance,Assistant,Feature card,Make data handling explicit.,A116,Security and Compliance / Data,"A data-handling panel showing retention, deletion and storage settings.",Rework,Standard,Existing product image,/brand/platform/security-and-compliance/data.png,320 x 267,1200 x 1000 WebP crop of shared master,"Ice blue, white, teal, deep green",Preserve the existing CSS gradient. Export foreground separately with transparent background. Keep key UI within the central 80%.,"Review how the proposed setup handles customer information, model-provider processing, and account separation. Confirm the terms that apply to your workspace.",http://localhost:3000/platform/security-and-compliance#data,Not started
P16-06,Security and Compliance,/platform/security-and-compliance,Assistant,Feature card,Match access to responsibility.,A117,Security and Compliance / Access,A role-and-permission matrix with a scoped access drawer and an approval step.,Rework,Standard,Existing product image,/brand/platform/security-and-compliance/access.png,320 x 267,1200 x 1000 WebP crop of shared master,"Ice blue, white, teal, deep green",Preserve the existing CSS gradient. Export foreground separately with transparent background. Keep key UI within the central 80%.,"Define who can view, change, and approve the work. Review connected-account permissions when team roles or operational responsibilities change.",http://localhost:3000/platform/security-and-compliance#access,Not started
P16-07,Security and Compliance,/platform/security-and-compliance,Assistant,Feature card,Keep actions explainable.,A118,Security and Compliance / Audit,"An audit timeline showing actor, action, timestamp and the affected record.",Rework,Standard,Existing product image,/brand/platform/security-and-compliance/audit.png,320 x 267,1200 x 1000 WebP crop of shared master,"Ice blue, white, teal, deep green",Preserve the existing CSS gradient. Export foreground separately with transparent background. Keep key UI within the central 80%.,Plan which events and decisions need a record. Agree on who can review that history and how long it should remain available.,http://localhost:3000/platform/security-and-compliance#audit,Not started
P16-08,Security and Compliance,/platform/security-and-compliance,Assistant,Feature card,Review protection across the data path.,A119,Security and Compliance / Encryption,A data-path diagram marking transport and storage protection review points.,Rework,Standard,Existing product image,/brand/platform/security-and-compliance/encryption.png,320 x 267,1200 x 1000 WebP crop of shared master,"Ice blue, white, teal, deep green",Preserve the existing CSS gradient. Export foreground separately with transparent background. Keep key UI within the central 80%.,Document the protection expected for stored information and connections between systems. Confirm the controls used by each service in the proposed environment.,http://localhost:3000/platform/security-and-compliance#encryption,Not started
P16-09,Security and Compliance,/platform/security-and-compliance,Assistant,Feature card,Review the inputs and actions an agent can use.,A120,Security and Compliance / Ai Security,"An agent boundary view showing allowed inputs, scoped tools and restricted actions.",Rework,Standard,Existing product image,/brand/platform/security-and-compliance/ai-security.png,320 x 267,1200 x 1000 WebP crop of shared master,"Ice blue, white, teal, deep green",Preserve the existing CSS gradient. Export foreground separately with transparent background. Keep key UI within the central 80%.,Treat external content as information to evaluate. Define action boundaries and human review points for requests that could affect sensitive records or decisions.,http://localhost:3000/platform/security-and-compliance#ai-security,Not started
P16-10,Security and Compliance,/platform/security-and-compliance,Assistant,Feature card,Include infrastructure in the security review.,A121,Security and Compliance / Deployment,"An infrastructure security diagram separating network, workload and administrative access.",Rework,Standard,Existing product image,/brand/platform/security-and-compliance/deployment-innflow.png,320 x 267,1200 x 1000 WebP crop of shared master,"Ice blue, white, teal, deep green",Preserve the existing CSS gradient. Export foreground separately with transparent background. Keep key UI within the central 80%.,"Connect environment requirements to network access, operations, and recovery. Establish who maintains the controls and who responds when an issue appears.",http://localhost:3000/platform/security-and-compliance#deployment,Not started
P16-11,Security and Compliance,/platform/security-and-compliance,Assistant,Feature detail,Start with the evidence your team needs.,A114,Security and Compliance / Compliance,An evidence library with policy and review documents grouped for assessment. Avoid unverified certification badges.,Rework,Standard,Existing product image,/brand/platform/security-and-compliance/compliance.png,580 x 580,Editable SVG/layers + 1200 x 1200 WebP,"Ice blue, white, teal, deep green",Preserve the existing CSS gradient. Export foreground separately with transparent background. Keep key UI within the central 80%.,Identify the standards and documentation relevant to your organization. Request current evidence for the proposed deployment before treating a requirement as satisfied.,http://localhost:3000/platform/security-and-compliance#compliance,Not started
P16-12,Security and Compliance,/platform/security-and-compliance,Assistant,Feature detail,Understand where information travels.,A115,Security and Compliance / Privacy,"A data-flow diagram showing collection, processing, storage and controlled sharing boundaries.",Rework,Standard,Existing product image,/brand/platform/security-and-compliance/privacy.png,532 x 532,Editable SVG/layers + 1200 x 1200 WebP,"Ice blue, white, teal, deep green",Preserve the existing CSS gradient. Export foreground separately with transparent background. Keep key UI within the central 80%.,"Map the data involved in your workflow and the services that process it. Review storage, retention, and regional requirements together.",http://localhost:3000/platform/security-and-compliance#privacy,Not started
P16-13,Security and Compliance,/platform/security-and-compliance,Assistant,Feature detail,Make data handling explicit.,A116,Security and Compliance / Data,"A data-handling panel showing retention, deletion and storage settings.",Rework,Standard,Existing product image,/brand/platform/security-and-compliance/data.png,580 x 580,Editable SVG/layers + 1200 x 1200 WebP,"Ice blue, white, teal, deep green",Preserve the existing CSS gradient. Export foreground separately with transparent background. Keep key UI within the central 80%.,"Review how the proposed setup handles customer information, model-provider processing, and account separation. Confirm the terms that apply to your workspace.",http://localhost:3000/platform/security-and-compliance#data,Not started
P16-14,Security and Compliance,/platform/security-and-compliance,Assistant,Feature detail,Match access to responsibility.,A117,Security and Compliance / Access,A role-and-permission matrix with a scoped access drawer and an approval step.,Rework,Standard,Existing product image,/brand/platform/security-and-compliance/access.png,532 x 532,Editable SVG/layers + 1200 x 1200 WebP,"Ice blue, white, teal, deep green",Preserve the existing CSS gradient. Export foreground separately with transparent background. Keep key UI within the central 80%.,"Define who can view, change, and approve the work. Review connected-account permissions when team roles or operational responsibilities change.",http://localhost:3000/platform/security-and-compliance#access,Not started
P16-15,Security and Compliance,/platform/security-and-compliance,Assistant,Feature detail,Keep actions explainable.,A118,Security and Compliance / Audit,"An audit timeline showing actor, action, timestamp and the affected record.",Rework,Standard,Existing product image,/brand/platform/security-and-compliance/audit.png,580 x 580,Editable SVG/layers + 1200 x 1200 WebP,"Ice blue, white, teal, deep green",Preserve the existing CSS gradient. Export foreground separately with transparent background. Keep key UI within the central 80%.,Plan which events and decisions need a record. Agree on who can review that history and how long it should remain available.,http://localhost:3000/platform/security-and-compliance#audit,Not started
P16-16,Security and Compliance,/platform/security-and-compliance,Assistant,Feature detail,Review protection across the data path.,A119,Security and Compliance / Encryption,A data-path diagram marking transport and storage protection review points.,Rework,Standard,Existing product image,/brand/platform/security-and-compliance/encryption.png,532 x 532,Editable SVG/layers + 1200 x 1200 WebP,"Ice blue, white, teal, deep green",Preserve the existing CSS gradient. Export foreground separately with transparent background. Keep key UI within the central 80%.,Document the protection expected for stored information and connections between systems. Confirm the controls used by each service in the proposed environment.,http://localhost:3000/platform/security-and-compliance#encryption,Not started
P16-17,Security and Compliance,/platform/security-and-compliance,Assistant,Feature detail,Review the inputs and actions an agent can use.,A120,Security and Compliance / Ai Security,"An agent boundary view showing allowed inputs, scoped tools and restricted actions.",Rework,Standard,Existing product image,/brand/platform/security-and-compliance/ai-security.png,580 x 580,Editable SVG/layers + 1200 x 1200 WebP,"Ice blue, white, teal, deep green",Preserve the existing CSS gradient. Export foreground separately with transparent background. Keep key UI within the central 80%.,Treat external content as information to evaluate. Define action boundaries and human review points for requests that could affect sensitive records or decisions.,http://localhost:3000/platform/security-and-compliance#ai-security,Not started
P16-18,Security and Compliance,/platform/security-and-compliance,Assistant,Feature detail,Include infrastructure in the security review.,A121,Security and Compliance / Deployment,"An infrastructure security diagram separating network, workload and administrative access.",Rework,Standard,Existing product image,/brand/platform/security-and-compliance/deployment-innflow.png,532 x 532,Editable SVG/layers + 1200 x 1200 WebP,"Ice blue, white, teal, deep green",Preserve the existing CSS gradient. Export foreground separately with transparent background. Keep key UI within the central 80%.,"Connect environment requirements to network access, operations, and recovery. Establish who maintains the controls and who responds when an issue appears.",http://localhost:3000/platform/security-and-compliance#deployment,Not started
P16-19,Security and Compliance,/platform/security-and-compliance,Assistant,Related product thumbnail,Platform,A015,Platform product thumbnail,"A compact workspace overview linking agents, tools and shared knowledge.",Create,High,Generic star on gradient,/brand/calendly/assistant-hero.svg + star glyph,227 x 189,Editable SVG + 1200 x 1000 WebP,"Ice blue, white, teal, deep green",Create once and reuse across related-product cards and the Platform card rail. Keep the gradient separate.,,http://localhost:3000/platform/security-and-compliance,Not started
P16-20,Security and Compliance,/platform/security-and-compliance,Assistant,Related product thumbnail,Integrations,A006,Integrations product thumbnail,A central Innflow node connected to a small set of tool tiles.,Create,High,Generic star on gradient,/brand/calendly/scheduling-hero.svg + star glyph,227 x 189,Editable SVG + 1200 x 1000 WebP,"Sky blue, pale aqua, navy",Create once and reuse across related-product cards and the Platform card rail. Keep the gradient separate.,,http://localhost:3000/platform/security-and-compliance,Not started
P16-21,Security and Compliance,/platform/security-and-compliance,Assistant,Related product thumbnail,Agentic Workflows,A010,Agentic Workflows product thumbnail,"A compact workflow canvas with trigger, branch and action nodes.",Create,High,Generic star on gradient,/brand/calendly/notetaker-hero.svg + star glyph,227 x 189,Editable SVG + 1200 x 1000 WebP,"Navy, blue, blush, lavender",Create once and reuse across related-product cards and the Platform card rail. Keep the gradient separate.,,http://localhost:3000/platform/security-and-compliance,Not started
P16-22,Security and Compliance,/platform/security-and-compliance,Assistant,Related product thumbnail,Agent OS,A011,Agent OS product thumbnail,A small orchestration graph connecting agents and shared memory.,Create,High,Generic star on gradient,/brand/calendly/contacts-hero.svg + star glyph,227 x 189,Editable SVG + 1200 x 1000 WebP,"Cream, peach, pink, blue",Create once and reuse across related-product cards and the Platform card rail. Keep the gradient separate.,,http://localhost:3000/platform/security-and-compliance,Not started
P16-23,Security and Compliance,/platform/security-and-compliance,Assistant,Related product thumbnail,AI Agents,A012,AI Agents product thumbnail,An agent task card with linked evidence and a proposed next action.,Create,High,Generic star on gradient,/brand/calendly/payments-hero.svg + star glyph,227 x 189,Editable SVG + 1200 x 1000 WebP,"Pale mint, aqua, blue, navy",Create once and reuse across related-product cards and the Platform card rail. Keep the gradient separate.,,http://localhost:3000/platform/security-and-compliance,Not started
